[{"id":1,"name":"Dannie Easom","email":"deasom0@macromedia.com","hashed_password":"86rV3X82LC6VFFxb3hRX98B66tTMOM7QPW73Yhx2p40C2A12fSPGLDCB6KOUep4m9HEQU","created_date":"2017-12-23T13:31:30Z","last_login":"2018-04-09T05:04:37Z"},
{"id":2,"name":"Vicki Minchenton","email":"vminchenton1@behance.net","hashed_password":"15vZB1FH9AJUGHsr0mWKBLU72wVGGBYM54MXHnv1eZ4JXG45aXGGDWLETPCRum1y6ENV4","created_date":"2018-05-11T03:04:49Z","last_login":"2018-05-18T19:44:24Z"},
{"id":3,"name":"Jami Mayte","email":"jmayte2@liveinternet.ru","hashed_password":"37eG627P025U9Vbl3iEBZQS92fIOME80WRUZLty4cWS4HL88oDKAKR02M64Rlg4wW45CF","created_date":"2017-12-14T20:43:16Z","last_login":"2018-02-11T20:59:17Z"},
{"id":4,"name":"Dre Dunston","email":"ddunston3@etsy.com","hashed_password":"75xETKLMGHOVB4dy3b1UGY452lO1REVL6SI7Mfz4wD2NNW50bMJ7SPDKFEWKtr4l2LTQG","created_date":"2018-09-02T09:54:46Z","last_login":"2018-05-07T17:35:12Z"},
{"id":5,"name":"Ulrikaumeko Lorens","email":"ulorens4@chronoengine.com","hashed_password":"64mOTZE4B7YXMPhe3mXFY0S53rR43D9CQEXOOcx4pHF7OL79sJ2PTK1VHZJWjo5sZ6SXK","created_date":"2018-01-04T08:10:29Z","last_login":"2018-03-02T04:50:48Z"},
{"id":6,"name":"Tabor Hansard","email":"thansard5@dmoz.org","hashed_password":"44kZJIIYL78HZBme1hMRGOS69vY6WUQZN69RLhh6lEG71T85fGEVM0AGM6XIaw3oT5T4M","created_date":"2017-10-26T18:38:19Z","last_login":"2018-07-23T02:57:46Z"},
{"id":7,"name":"Gun Perrins","email":"gperrins6@networkadvertising.org","hashed_password":"71vX0HBVAPL18Zdc5zVV4YG38mIWMEQNL236Uju4rP23AK56xRUHOJ0JQCQ3fn1wOAO2B","created_date":"2018-05-07T11:50:16Z","last_login":"2017-10-28T18:01:00Z"},
{"id":8,"name":"Theadora Cahill","email":"tcahill7@pbs.org","hashed_password":"63iF6F4O30CLRJkt6p0LO6954eYTEJRIUG7M9fp1zH90PS10bHQPA1QGSTKHnd8fPC8CT","created_date":"2018-08-28T06:01:42Z","last_login":"2017-11-16T02:04:52Z"},
{"id":9,"name":"Abagael Birkin","email":"abirkin8@soup.io","hashed_password":"35dR8O4LLPWD0Lsr8zYN5KU77gU34V2G65OMZcn2dYE4C448cTL2WU54H5YAzs3vBYQW1","created_date":"2018-05-24T01:00:48Z","last_login":"2017-12-05T12:29:31Z"},
{"id":10,"name":"Mitchael Aggiss","email":"maggiss9@naver.com","hashed_password":"16aQQB7O4ZH7N7nt0o2EWJ034vD9TUS521GJ7zy6jH9ZQZ45jRGSBLRC9C7Nnd6v2KMFN","created_date":"2018-05-12T14:56:37Z","last_login":"2018-08-29T23:54:42Z"},
{"id":11,"name":"Malachi Gofford","email":"mgofforda@go.com","hashed_password":"78vV5IVMOQU7N8jn3v9LI0596vUCQYZDLE388vn4nTILEX42yP6UFFI8UTA3fs7fB1HB8","created_date":"2018-08-12T23:59:19Z","last_login":"2017-11-02T17:10:42Z"},
{"id":12,"name":"Launce Ivanusyev","email":"livanusyevb@reverbnation.com","hashed_password":"63wXMCSNZ44S38xf8gQHG8F01cMJK3I3FMX89kl2vC7W4W61pEK1CI68905Gyu5r704GF","created_date":"2018-01-14T16:07:59Z","last_login":"2018-03-06T01:12:13Z"},
{"id":13,"name":"Marj Ingraham","email":"mingrahamc@addtoany.com","hashed_password":"72lZVK85P3G8KBsi7dL3BVQ91oA3HBI46OG1Pgc4jDUQYF27bSOSM7L66HTTil2o3G43L","created_date":"2018-08-07T09:08:22Z","last_login":"2018-02-03T00:18:18Z"},
{"id":14,"name":"Lyndel Shepard","email":"lshepardd@irs.gov","hashed_password":"45dY8TE0N8MFOBxu9g77W1B24gHBK8D1EPK47uz8aNO6CP56mDCU5V9Z21AFsv6c4UJOL","created_date":"2018-08-31T06:53:29Z","last_login":"2018-03-27T23:47:14Z"},
{"id":15,"name":"Sholom Rockcliffe","email":"srockcliffee@csmonitor.com","hashed_password":"25kSKK8PC3GJ2Aoh7s91EV263ySLWKLK8TGUWkv5oAAFXI48wFUEPGUCGX22wk5d08H4U","created_date":"2018-04-01T04:54:29Z","last_login":"2018-03-12T16:26:59Z"},
{"id":16,"name":"Mano Pallesen","email":"mpallesenf@engadget.com","hashed_password":"46wZ6KPX1A8ET3ck1mS6BXW15bCUD5Y6Y26JViu4hMRU3H04lQZDTOLISYHUxz5x6WV5S","created_date":"2018-03-24T23:03:59Z","last_login":"2018-03-01T04:10:27Z"},
{"id":17,"name":"Valentine Blasdale","email":"vblasdaleg@cbsnews.com","hashed_password":"23kEA4BE3SJZAEaw9q0AG5W76xRMHEB148053nf6wMOL6E10gSG6V5GG0TAOyi3lZSDIR","created_date":"2018-04-19T06:21:43Z","last_login":"2018-05-09T20:14:43Z"},
{"id":18,"name":"Janifer Pulteneye","email":"jpulteneyeh@geocities.com","hashed_password":"46zMRPOWBJ80V9je0sAPDLH99qOXN4C238C7Dqy1fB7N8D06fUPDRJ6SDLNDvk9xZTRAI","created_date":"2018-08-21T01:32:41Z","last_login":"2018-07-19T08:24:54Z"},
{"id":19,"name":"Ludovico McManus","email":"lmcmanusi@reverbnation.com","hashed_password":"73yV9MB4TVZ1ZPzi3hARWQV23pLNS9Z035YH8ts2y7JJYV36eOET3MWN2QB7fl3lNQ2PD","created_date":"2018-05-10T03:56:29Z","last_login":"2018-10-06T07:42:09Z"},
{"id":20,"name":"Ynez Gaine of England","email":"ygainej@princeton.edu","hashed_password":"48dEXD9TP26JUAbk3xD4TJD88nS3S9GKYI2E2iw4oSYN3083wIY9SJ23514Ggg2tHQC6U","created_date":"2018-09-14T07:43:56Z","last_login":"2018-09-28T12:39:55Z"},
{"id":21,"name":"Rip Sharpe","email":"rsharpek@storify.com","hashed_password":"07jD3DBFFNX5KXbk6nAN8Y368mTMOO770W1NYby6zD0BHQ22zM7WREG5JCSPip9eTGAZA","created_date":"2017-12-29T08:42:23Z","last_login":"2017-11-18T14:40:08Z"},
{"id":22,"name":"Stefano Tillot","email":"stillotl@wikipedia.org","hashed_password":"57qWT6ZHZQ007Nui9bWPTLH01eKC8GPUSL83Vgh6h8WIJ290iQQUKT3ZFSR5co2kL3SBS","created_date":"2017-12-20T10:27:37Z","last_login":"2018-09-21T19:02:01Z"},
{"id":23,"name":"Kenton Jeal","email":"kjealm@marriott.com","hashed_password":"76iWHGD4153RJAwe9mC5ASS42aT2WFYDXIQPYgd6sIAK7G98jLI2GABR64VMqr0r4BRRE","created_date":"2018-03-29T04:22:01Z","last_login":"2018-09-17T07:28:42Z"},
{"id":24,"name":"Byran Grim","email":"bgrimn@google.co.uk","hashed_password":"58gK8EIQ64E0E8kf6y6I2GK49jRJOVAQ4LBCNsp9n5JBA133oYSU4JR4R7BLoj3sB9WJA","created_date":"2018-02-02T18:04:02Z","last_login":"2018-01-09T09:22:24Z"},
{"id":25,"name":"Rochelle Crone","email":"rcroneo@va.gov","hashed_password":"50dCINN79RRT5Xdh6eKGZG139kHPRSQ6D4X86fl0mO8TBP97uQHD04YYG2R4aq0cLJ9WH","created_date":"2018-06-19T00:22:10Z","last_login":"2018-05-17T21:37:13Z"},
{"id":26,"name":"Blaine McKellar","email":"bmckellarp@hatena.ne.jp","hashed_password":"13hHGNULXSR1O3yr1z1LQDW01zL7PJ42O0ML9wm7lE00ZF51rC8C9XKI3OUTnp4e1IZ3E","created_date":"2017-12-14T17:17:24Z","last_login":"2017-12-20T10:40:23Z"},
{"id":27,"name":"Byron Astlatt","email":"bastlattq@un.org","hashed_password":"73zMYWAP084D1Eur0hL1NQW51nMTFUMR7UDY4mj3pJ9HGC77fQAFB0Q3EBPUuf6dAJC51","created_date":"2018-09-18T15:33:05Z","last_login":"2018-08-09T22:52:29Z"},
{"id":28,"name":"Aloin Mathieu","email":"amathieur@wunderground.com","hashed_password":"59aV1M1TM4ZZ7Aza4i7FR4U65gQBV7L3VU5DQxh5kPUGNC80sPC7C8OLXPDPhu0eRPAYG","created_date":"2018-06-13T19:01:17Z","last_login":"2018-09-26T06:28:50Z"},
{"id":29,"name":"Enrica Lavens","email":"elavenss@csmonitor.com","hashed_password":"59rHFS9RCV8Y5Qhd1a0UG8686rFB01R7Y3MBJpm4qWARBO03hG63AWVBVQ26mo1z3TL4L","created_date":"2018-05-06T08:45:06Z","last_login":"2017-11-25T15:31:58Z"},
{"id":30,"name":"Wendi Ambroziak","email":"wambroziakt@51.la","hashed_password":"26lYFLKJNGVXIPyv6u00C4039dZOTW1IIEUMIkm8sO603X03mPRMNVIPVGT3bo1k3VLT0","created_date":"2018-02-19T00:25:05Z","last_login":"2018-01-07T15:11:55Z"},
{"id":31,"name":"Obediah Nottingham","email":"onottinghamu@fastcompany.com","hashed_password":"97pKO5CL7QP30Hlr2e2Z8O165hDXP1ZLNUDOWja8vFRMNQ29tQ0PP3ZFN97Ggt7o1EODK","created_date":"2017-12-17T21:11:18Z","last_login":"2018-10-02T02:36:38Z"},
{"id":32,"name":"Glynnis Cooksley","email":"gcooksleyv@wiley.com","hashed_password":"89uOJ0UT0REHJCsq6i6M5J987pSVI5QZXSBCLwn3oZ6C0K04cOT4FUTM9W3Pae8vUF9VG","created_date":"2017-11-08T18:27:49Z","last_login":"2018-04-16T16:11:05Z"},
{"id":33,"name":"Rafaelita Malthus","email":"rmalthusw@sohu.com","hashed_password":"05bZBN3S2D24H1zo0aZPH6O90vSBOZT55AFMWxt7o3P6BQ06aXSQAQID8NSEmh2rHL9QE","created_date":"2018-06-20T18:57:42Z","last_login":"2018-06-01T14:01:02Z"},
{"id":34,"name":"Rolf Whiffen","email":"rwhiffenx@free.fr","hashed_password":"95tRY7P5VW9683fr2z40ZC337vL0R6BQLEBVVji5o7CGPN61wGAKXAQ2ZVHSvm9jFKHUS","created_date":"2018-03-16T15:27:08Z","last_login":"2018-04-15T03:15:44Z"},
{"id":35,"name":"Harrie Behninck","email":"hbehnincky@wikia.com","hashed_password":"37cDDNI796IGEUnl9rFVA0A40qHFKRE1QB0UIqp8rFVWCL63bB50YFI8YP9Ztv3p905M6","created_date":"2018-07-15T11:59:21Z","last_login":"2018-08-30T05:59:45Z"},
{"id":36,"name":"Alyson Readhead","email":"areadheadz@example.com","hashed_password":"76cTS3CG7Q9KOZus3mVJ02U49kVJRQOZCPBV6vu0fXXNH161iNWKX3BJEZ7Saf6zZKQ52","created_date":"2018-06-21T09:28:57Z","last_login":"2018-03-23T08:16:59Z"},
{"id":37,"name":"Sapphira Carbett","email":"scarbett10@google.com.br","hashed_password":"61wKW5BU06IVWGrl2cGARVO47sW9S3E27NJ4Jmd8i453YB52cZM0FSUMIJBQny4y2GLCX","created_date":"2018-04-01T20:33:14Z","last_login":"2018-09-26T19:57:19Z"},
{"id":38,"name":"Gay Donoghue","email":"gdonoghue11@princeton.edu","hashed_password":"46yHGQLJVBC32Dwz7cELQ8B91zDDAEBDH2R6Vvb9gJXMCO56bXSERC7H2U9Gdz5r6WFPY","created_date":"2018-05-25T13:29:52Z","last_login":"2017-12-02T00:01:37Z"},
{"id":39,"name":"Rance Stanesby","email":"rstanesby12@rakuten.co.jp","hashed_password":"81nUN9KD5E7AM8gs2qO70H903vA5TIQ69H62Fah9iMYQQY32iXJ26BTASGVNmo6bWJ8OG","created_date":"2018-02-23T00:38:09Z","last_login":"2018-03-10T05:41:33Z"},
{"id":40,"name":"Lynnelle Keppin","email":"lkeppin13@sciencedirect.com","hashed_password":"25wXOCAOLT09YSsp0u9UQCD76zSSY722VJSQ6gz1qASY5P59bZZW5RKDO68Klb8e9DXM8","created_date":"2018-07-13T21:34:03Z","last_login":"2017-11-14T23:05:08Z"},
{"id":41,"name":"Fayina Bryde","email":"fbryde14@wsj.com","hashed_password":"72cPPDI4VIQH99uz0yODTJU35jOFD2H19T0EMcl6z3XW3W09lTYI3HK5F3CPkz6n1AZH7","created_date":"2018-02-22T03:16:01Z","last_login":"2018-03-09T03:27:35Z"},
{"id":42,"name":"Northrup Libby","email":"nlibby15@google.fr","hashed_password":"24eB08J0K5OHP5gd7dZINBH05hIWP7ZC1TLPRpe6tRQCHL02kBH68J36X2L5yv0t5RN2N","created_date":"2018-03-21T06:14:19Z","last_login":"2018-01-26T04:35:05Z"},
{"id":43,"name":"Ody Kemball","email":"okemball16@jigsy.com","hashed_password":"75sQGG3DAWAH4Oam3bVH76I31uBPDGKL0JG1Wcx7lJ155792iLBD2KUW4USAsk8kPK130","created_date":"2018-08-21T18:36:43Z","last_login":"2018-06-14T12:09:34Z"},
{"id":44,"name":"Anson Cattle","email":"acattle17@blogger.com","hashed_password":"42qFTT1IM8EFY0ym7cBK6SN49lDU5E228IUS1wo4nX1HYB23lBRXM894RN83kr6fTGYYH","created_date":"2018-03-26T03:18:53Z","last_login":"2018-09-09T14:49:51Z"},
{"id":45,"name":"Corrie Featley","email":"cfeatley18@tinypic.com","hashed_password":"46tFR3JGIVD5VErw9nRP1IC39sK0JEYJ8GSQPsd4nBM89W22tIG8PV7SNX9Klh5yXNU2E","created_date":"2018-09-10T19:10:46Z","last_login":"2018-02-07T18:10:14Z"},
{"id":46,"name":"Bria Villar","email":"bvillar19@latimes.com","hashed_password":"31vBRC2U6KC6MNzm3iLCSKY70gPWZHFVZ85QAdf6dVVBWT79lD69PSQEBOLHpq5t11NN5","created_date":"2018-02-26T19:12:14Z","last_login":"2017-11-05T03:24:10Z"},
{"id":47,"name":"Afton Jacquemard","email":"ajacquemard1a@independent.co.uk","hashed_password":"99jV78A5LC83P0lb8eDHXSE50eXJIKXDY8GH2mn5lDQJBT55aKWULDCRW79Nto6pBDA5H","created_date":"2018-03-18T03:55:26Z","last_login":"2017-11-18T19:26:35Z"},
{"id":48,"name":"Laurena Arne","email":"larne1b@slashdot.org","hashed_password":"07rAMRQ97Y2S1Gyt1h8KQ0W23nH47G2V5GU5Xkm8u0SNII42mUOI7GDZU8IWvx5yXK3H7","created_date":"2017-11-08T09:46:44Z","last_login":"2018-05-07T04:11:14Z"},
{"id":49,"name":"Mae Shackleford","email":"mshackleford1c@hugedomains.com","hashed_password":"64fDR399GC5OZ2ln2nQ2W5495cIHEG41426QAfp9pDDANC32yBA7IFGC1NT0wp1vEJZGT","created_date":"2018-06-03T23:39:18Z","last_login":"2018-10-02T05:58:36Z"},
{"id":50,"name":"Gertie Dillistone","email":"gdillistone1d@github.com","hashed_password":"78eTFZPENRAP21vi0vFCUPJ86gTQVUQES9B8Gkn4aC9EQS36hABYL2NXIOD6ej0t6WITI","created_date":"2018-05-02T22:44:42Z","last_login":"2018-05-01T19:16:08Z"}]