[{"id":1,"created_date":"6/30/2018","description":"Games","paid":18,"total":534},
{"id":2,"created_date":"5/13/2018","description":"Sports","paid":343,"total":400},
{"id":3,"created_date":"7/29/2018","description":"Automotive","paid":980,"total":652},
{"id":4,"created_date":"6/2/2018","description":"Garden","paid":254,"total":322},
{"id":5,"created_date":"12/15/2017","description":"Health","paid":629,"total":586},
{"id":6,"created_date":"9/17/2018","description":"Jewelery","paid":598,"total":94},
{"id":7,"created_date":"11/27/2017","description":"Books","paid":496,"total":492},
{"id":8,"created_date":"11/19/2017","description":"Movies","paid":782,"total":418},
{"id":9,"created_date":"1/18/2018","description":"Industrial","paid":519,"total":413},
{"id":10,"created_date":"9/29/2018","description":"Electronics","paid":891,"total":808},
{"id":11,"created_date":"3/16/2018","description":"Music","paid":593,"total":592},
{"id":12,"created_date":"6/20/2018","description":"Automotive","paid":419,"total":579},
{"id":13,"created_date":"11/8/2017","description":"Toys","paid":386,"total":582},
{"id":14,"created_date":"4/1/2018","description":"Shoes","paid":989,"total":521},
{"id":15,"created_date":"12/20/2017","description":"Automotive","paid":592,"total":918},
{"id":16,"created_date":"12/27/2017","description":"Sports","paid":565,"total":359},
{"id":17,"created_date":"2/3/2018","description":"Outdoors","paid":670,"total":70},
{"id":18,"created_date":"1/9/2018","description":"Sports","paid":388,"total":399},
{"id":19,"created_date":"5/22/2018","description":"Industrial","paid":142,"total":790},
{"id":20,"created_date":"8/2/2018","description":"Games","paid":832,"total":676},
{"id":21,"created_date":"2/11/2018","description":"Music","paid":328,"total":189},
{"id":22,"created_date":"9/8/2018","description":"Books","paid":519,"total":636},
{"id":23,"created_date":"7/2/2018","description":"Games","paid":514,"total":748},
{"id":24,"created_date":"3/9/2018","description":"Grocery","paid":404,"total":280},
{"id":25,"created_date":"12/1/2017","description":"Computers","paid":1,"total":280},
{"id":26,"created_date":"5/2/2018","description":"Shoes","paid":535,"total":897},
{"id":27,"created_date":"3/14/2018","description":"Home","paid":765,"total":521},
{"id":28,"created_date":"1/28/2018","description":"Sports","paid":213,"total":734},
{"id":29,"created_date":"4/22/2018","description":"Music","paid":898,"total":995},
{"id":30,"created_date":"1/15/2018","description":"Sports","paid":840,"total":379},
{"id":31,"created_date":"3/21/2018","description":"Sports","paid":156,"total":320},
{"id":32,"created_date":"11/6/2017","description":"Toys","paid":245,"total":383},
{"id":33,"created_date":"11/25/2017","description":"Grocery","paid":333,"total":872},
{"id":34,"created_date":"5/29/2018","description":"Music","paid":354,"total":827},
{"id":35,"created_date":"3/10/2018","description":"Jewelery","paid":168,"total":214},
{"id":36,"created_date":"2/2/2018","description":"Grocery","paid":409,"total":626},
{"id":37,"created_date":"11/8/2017","description":"Automotive","paid":279,"total":721},
{"id":38,"created_date":"8/14/2018","description":"Shoes","paid":853,"total":421},
{"id":39,"created_date":"11/23/2017","description":"Tools","paid":478,"total":340},
{"id":40,"created_date":"1/24/2018","description":"Toys","paid":250,"total":594},
{"id":41,"created_date":"6/24/2018","description":"Games","paid":976,"total":334},
{"id":42,"created_date":"12/20/2017","description":"Beauty","paid":944,"total":326},
{"id":43,"created_date":"3/14/2018","description":"Jewelery","paid":519,"total":572},
{"id":44,"created_date":"5/10/2018","description":"Beauty","paid":332,"total":516},
{"id":45,"created_date":"8/9/2018","description":"Movies","paid":753,"total":74},
{"id":46,"created_date":"11/13/2017","description":"Grocery","paid":196,"total":490},
{"id":47,"created_date":"11/3/2017","description":"Electronics","paid":922,"total":344},
{"id":48,"created_date":"11/11/2017","description":"Health","paid":309,"total":957},
{"id":49,"created_date":"1/21/2018","description":"Kids","paid":768,"total":18},
{"id":50,"created_date":"2/25/2018","description":"Outdoors","paid":267,"total":86},
{"id":51,"created_date":"7/16/2018","description":"Music","paid":886,"total":25},
{"id":52,"created_date":"4/20/2018","description":"Kids","paid":159,"total":374},
{"id":53,"created_date":"10/28/2017","description":"Automotive","paid":638,"total":984},
{"id":54,"created_date":"2/19/2018","description":"Tools","paid":154,"total":798},
{"id":55,"created_date":"5/30/2018","description":"Movies","paid":243,"total":705},
{"id":56,"created_date":"5/2/2018","description":"Jewelery","paid":31,"total":824},
{"id":57,"created_date":"10/12/2017","description":"Baby","paid":518,"total":800},
{"id":58,"created_date":"3/29/2018","description":"Clothing","paid":263,"total":89},
{"id":59,"created_date":"10/7/2018","description":"Games","paid":391,"total":939},
{"id":60,"created_date":"3/31/2018","description":"Beauty","paid":219,"total":652},
{"id":61,"created_date":"2/21/2018","description":"Tools","paid":857,"total":371},
{"id":62,"created_date":"5/7/2018","description":"Automotive","paid":273,"total":650},
{"id":63,"created_date":"10/4/2018","description":"Toys","paid":738,"total":802},
{"id":64,"created_date":"8/4/2018","description":"Garden","paid":976,"total":902},
{"id":65,"created_date":"8/20/2018","description":"Clothing","paid":208,"total":451},
{"id":66,"created_date":"8/19/2018","description":"Music","paid":843,"total":524},
{"id":67,"created_date":"12/4/2017","description":"Books","paid":441,"total":609},
{"id":68,"created_date":"11/17/2017","description":"Kids","paid":256,"total":382},
{"id":69,"created_date":"11/16/2017","description":"Sports","paid":636,"total":392},
{"id":70,"created_date":"5/21/2018","description":"Music","paid":137,"total":290},
{"id":71,"created_date":"9/6/2018","description":"Home","paid":199,"total":590},
{"id":72,"created_date":"2/10/2018","description":"Games","paid":75,"total":110},
{"id":73,"created_date":"1/26/2018","description":"Jewelery","paid":92,"total":926},
{"id":74,"created_date":"3/19/2018","description":"Sports","paid":170,"total":312},
{"id":75,"created_date":"3/12/2018","description":"Automotive","paid":725,"total":67},
{"id":76,"created_date":"7/30/2018","description":"Toys","paid":739,"total":450},
{"id":77,"created_date":"6/27/2018","description":"Home","paid":422,"total":779},
{"id":78,"created_date":"6/29/2018","description":"Computers","paid":959,"total":241},
{"id":79,"created_date":"1/11/2018","description":"Beauty","paid":722,"total":147},
{"id":80,"created_date":"7/19/2018","description":"Movies","paid":662,"total":230},
{"id":81,"created_date":"7/20/2018","description":"Computers","paid":956,"total":724},
{"id":82,"created_date":"4/8/2018","description":"Electronics","paid":177,"total":734},
{"id":83,"created_date":"4/3/2018","description":"Computers","paid":593,"total":450},
{"id":84,"created_date":"10/14/2017","description":"Health","paid":266,"total":424},
{"id":85,"created_date":"2/3/2018","description":"Health","paid":790,"total":633},
{"id":86,"created_date":"2/20/2018","description":"Electronics","paid":417,"total":119},
{"id":87,"created_date":"11/15/2017","description":"Health","paid":176,"total":616},
{"id":88,"created_date":"10/2/2018","description":"Movies","paid":792,"total":848},
{"id":89,"created_date":"8/19/2018","description":"Baby","paid":882,"total":162},
{"id":90,"created_date":"3/2/2018","description":"Baby","paid":824,"total":878},
{"id":91,"created_date":"11/4/2017","description":"Kids","paid":442,"total":868},
{"id":92,"created_date":"9/9/2018","description":"Electronics","paid":734,"total":225},
{"id":93,"created_date":"4/13/2018","description":"Shoes","paid":147,"total":499},
{"id":94,"created_date":"6/28/2018","description":"Electronics","paid":90,"total":496},
{"id":95,"created_date":"11/10/2017","description":"Industrial","paid":898,"total":796},
{"id":96,"created_date":"4/2/2018","description":"Shoes","paid":762,"total":884},
{"id":97,"created_date":"5/1/2018","description":"Toys","paid":519,"total":440},
{"id":98,"created_date":"12/5/2017","description":"Industrial","paid":970,"total":614},
{"id":99,"created_date":"8/29/2018","description":"Books","paid":342,"total":937},
{"id":100,"created_date":"5/5/2018","description":"Jewelery","paid":471,"total":934},
{"id":101,"created_date":"1/10/2018","description":"Health","paid":929,"total":240},
{"id":102,"created_date":"11/30/2017","description":"Music","paid":255,"total":140},
{"id":103,"created_date":"12/8/2017","description":"Electronics","paid":679,"total":807},
{"id":104,"created_date":"5/11/2018","description":"Outdoors","paid":656,"total":928},
{"id":105,"created_date":"9/19/2018","description":"Baby","paid":479,"total":80},
{"id":106,"created_date":"2/18/2018","description":"Jewelery","paid":509,"total":547},
{"id":107,"created_date":"5/16/2018","description":"Home","paid":248,"total":53},
{"id":108,"created_date":"9/20/2018","description":"Kids","paid":992,"total":155},
{"id":109,"created_date":"9/30/2018","description":"Clothing","paid":504,"total":376},
{"id":110,"created_date":"9/26/2018","description":"Home","paid":827,"total":16},
{"id":111,"created_date":"3/9/2018","description":"Shoes","paid":883,"total":83},
{"id":112,"created_date":"2/28/2018","description":"Clothing","paid":358,"total":447},
{"id":113,"created_date":"11/13/2017","description":"Beauty","paid":689,"total":226},
{"id":114,"created_date":"4/27/2018","description":"Clothing","paid":454,"total":846},
{"id":115,"created_date":"9/2/2018","description":"Movies","paid":471,"total":556},
{"id":116,"created_date":"7/15/2018","description":"Sports","paid":961,"total":301},
{"id":117,"created_date":"10/1/2018","description":"Garden","paid":577,"total":901},
{"id":118,"created_date":"7/9/2018","description":"Books","paid":562,"total":59},
{"id":119,"created_date":"1/27/2018","description":"Sports","paid":59,"total":210},
{"id":120,"created_date":"5/27/2018","description":"Tools","paid":921,"total":555},
{"id":121,"created_date":"9/3/2018","description":"Movies","paid":166,"total":587},
{"id":122,"created_date":"2/14/2018","description":"Electronics","paid":922,"total":24},
{"id":123,"created_date":"1/17/2018","description":"Health","paid":746,"total":309},
{"id":124,"created_date":"7/29/2018","description":"Tools","paid":709,"total":440},
{"id":125,"created_date":"5/24/2018","description":"Grocery","paid":94,"total":414},
{"id":126,"created_date":"8/5/2018","description":"Health","paid":124,"total":215},
{"id":127,"created_date":"1/12/2018","description":"Outdoors","paid":1,"total":927},
{"id":128,"created_date":"4/4/2018","description":"Books","paid":815,"total":244},
{"id":129,"created_date":"1/25/2018","description":"Tools","paid":17,"total":388},
{"id":130,"created_date":"11/26/2017","description":"Garden","paid":688,"total":902},
{"id":131,"created_date":"7/15/2018","description":"Outdoors","paid":818,"total":86},
{"id":132,"created_date":"4/19/2018","description":"Tools","paid":974,"total":460},
{"id":133,"created_date":"12/12/2017","description":"Books","paid":640,"total":818},
{"id":134,"created_date":"3/10/2018","description":"Tools","paid":718,"total":172},
{"id":135,"created_date":"9/20/2018","description":"Jewelery","paid":158,"total":732},
{"id":136,"created_date":"10/16/2017","description":"Computers","paid":23,"total":757},
{"id":137,"created_date":"1/2/2018","description":"Movies","paid":337,"total":750},
{"id":138,"created_date":"8/28/2018","description":"Home","paid":932,"total":276},
{"id":139,"created_date":"3/18/2018","description":"Electronics","paid":57,"total":346},
{"id":140,"created_date":"12/19/2017","description":"Jewelery","paid":307,"total":441},
{"id":141,"created_date":"11/8/2017","description":"Computers","paid":694,"total":493},
{"id":142,"created_date":"3/5/2018","description":"Beauty","paid":101,"total":964},
{"id":143,"created_date":"9/15/2018","description":"Computers","paid":628,"total":663},
{"id":144,"created_date":"9/15/2018","description":"Grocery","paid":803,"total":541},
{"id":145,"created_date":"10/4/2018","description":"Grocery","paid":442,"total":800},
{"id":146,"created_date":"10/18/2017","description":"Baby","paid":72,"total":268},
{"id":147,"created_date":"4/27/2018","description":"Toys","paid":238,"total":208},
{"id":148,"created_date":"4/29/2018","description":"Sports","paid":603,"total":101},
{"id":149,"created_date":"12/13/2017","description":"Computers","paid":967,"total":758},
{"id":150,"created_date":"6/28/2018","description":"Games","paid":875,"total":217},
{"id":151,"created_date":"4/28/2018","description":"Beauty","paid":638,"total":421},
{"id":152,"created_date":"8/4/2018","description":"Movies","paid":84,"total":972},
{"id":153,"created_date":"5/12/2018","description":"Music","paid":845,"total":413},
{"id":154,"created_date":"1/6/2018","description":"Clothing","paid":469,"total":384},
{"id":155,"created_date":"8/23/2018","description":"Computers","paid":500,"total":988},
{"id":156,"created_date":"8/31/2018","description":"Automotive","paid":694,"total":222},
{"id":157,"created_date":"1/7/2018","description":"Games","paid":890,"total":203},
{"id":158,"created_date":"6/16/2018","description":"Shoes","paid":251,"total":876},
{"id":159,"created_date":"6/28/2018","description":"Grocery","paid":55,"total":72},
{"id":160,"created_date":"12/3/2017","description":"Automotive","paid":503,"total":272},
{"id":161,"created_date":"11/4/2017","description":"Music","paid":492,"total":494},
{"id":162,"created_date":"12/28/2017","description":"Computers","paid":171,"total":404},
{"id":163,"created_date":"8/6/2018","description":"Grocery","paid":867,"total":669},
{"id":164,"created_date":"4/2/2018","description":"Beauty","paid":843,"total":875},
{"id":165,"created_date":"5/17/2018","description":"Kids","paid":871,"total":500},
{"id":166,"created_date":"10/9/2017","description":"Tools","paid":321,"total":32},
{"id":167,"created_date":"3/29/2018","description":"Health","paid":305,"total":117},
{"id":168,"created_date":"1/22/2018","description":"Toys","paid":372,"total":291},
{"id":169,"created_date":"6/14/2018","description":"Tools","paid":31,"total":89},
{"id":170,"created_date":"7/27/2018","description":"Automotive","paid":61,"total":418},
{"id":171,"created_date":"4/8/2018","description":"Automotive","paid":267,"total":179},
{"id":172,"created_date":"4/16/2018","description":"Movies","paid":246,"total":397},
{"id":173,"created_date":"1/7/2018","description":"Movies","paid":676,"total":710},
{"id":174,"created_date":"1/28/2018","description":"Sports","paid":947,"total":1},
{"id":175,"created_date":"8/6/2018","description":"Movies","paid":274,"total":886},
{"id":176,"created_date":"1/29/2018","description":"Movies","paid":275,"total":424},
{"id":177,"created_date":"3/24/2018","description":"Games","paid":91,"total":701},
{"id":178,"created_date":"4/11/2018","description":"Outdoors","paid":987,"total":420},
{"id":179,"created_date":"5/9/2018","description":"Baby","paid":188,"total":309},
{"id":180,"created_date":"7/26/2018","description":"Automotive","paid":302,"total":791},
{"id":181,"created_date":"9/19/2018","description":"Home","paid":715,"total":440},
{"id":182,"created_date":"3/28/2018","description":"Home","paid":872,"total":267},
{"id":183,"created_date":"6/26/2018","description":"Books","paid":763,"total":208},
{"id":184,"created_date":"10/31/2017","description":"Movies","paid":206,"total":902},
{"id":185,"created_date":"4/9/2018","description":"Health","paid":221,"total":766},
{"id":186,"created_date":"3/8/2018","description":"Sports","paid":773,"total":633},
{"id":187,"created_date":"7/5/2018","description":"Games","paid":414,"total":849},
{"id":188,"created_date":"10/8/2017","description":"Automotive","paid":217,"total":467},
{"id":189,"created_date":"7/29/2018","description":"Toys","paid":372,"total":531},
{"id":190,"created_date":"5/26/2018","description":"Computers","paid":280,"total":163},
{"id":191,"created_date":"1/17/2018","description":"Games","paid":214,"total":326},
{"id":192,"created_date":"6/22/2018","description":"Books","paid":554,"total":742},
{"id":193,"created_date":"10/6/2018","description":"Shoes","paid":116,"total":834},
{"id":194,"created_date":"5/5/2018","description":"Electronics","paid":521,"total":295},
{"id":195,"created_date":"9/6/2018","description":"Games","paid":128,"total":637},
{"id":196,"created_date":"10/7/2018","description":"Music","paid":21,"total":99},
{"id":197,"created_date":"3/1/2018","description":"Grocery","paid":464,"total":402},
{"id":198,"created_date":"2/19/2018","description":"Electronics","paid":374,"total":940},
{"id":199,"created_date":"10/15/2017","description":"Games","paid":314,"total":271},
{"id":200,"created_date":"6/7/2018","description":"Computers","paid":339,"total":907},
{"id":201,"created_date":"1/17/2018","description":"Music","paid":227,"total":470},
{"id":202,"created_date":"11/10/2017","description":"Computers","paid":909,"total":613},
{"id":203,"created_date":"7/3/2018","description":"Sports","paid":562,"total":108},
{"id":204,"created_date":"9/24/2018","description":"Clothing","paid":145,"total":910},
{"id":205,"created_date":"8/3/2018","description":"Books","paid":306,"total":725},
{"id":206,"created_date":"3/1/2018","description":"Jewelery","paid":22,"total":296},
{"id":207,"created_date":"5/10/2018","description":"Beauty","paid":744,"total":945},
{"id":208,"created_date":"4/8/2018","description":"Sports","paid":979,"total":740},
{"id":209,"created_date":"4/2/2018","description":"Health","paid":137,"total":977},
{"id":210,"created_date":"10/18/2017","description":"Outdoors","paid":281,"total":620},
{"id":211,"created_date":"4/6/2018","description":"Computers","paid":833,"total":696},
{"id":212,"created_date":"4/3/2018","description":"Books","paid":110,"total":819},
{"id":213,"created_date":"7/31/2018","description":"Tools","paid":901,"total":654},
{"id":214,"created_date":"3/8/2018","description":"Beauty","paid":197,"total":628},
{"id":215,"created_date":"9/18/2018","description":"Beauty","paid":711,"total":444},
{"id":216,"created_date":"10/31/2017","description":"Kids","paid":644,"total":222},
{"id":217,"created_date":"3/21/2018","description":"Shoes","paid":228,"total":355},
{"id":218,"created_date":"5/26/2018","description":"Health","paid":949,"total":866},
{"id":219,"created_date":"12/9/2017","description":"Outdoors","paid":400,"total":532},
{"id":220,"created_date":"10/11/2017","description":"Kids","paid":767,"total":593},
{"id":221,"created_date":"1/4/2018","description":"Grocery","paid":519,"total":718},
{"id":222,"created_date":"5/8/2018","description":"Home","paid":514,"total":216},
{"id":223,"created_date":"2/5/2018","description":"Music","paid":11,"total":945},
{"id":224,"created_date":"8/26/2018","description":"Automotive","paid":749,"total":388},
{"id":225,"created_date":"4/6/2018","description":"Electronics","paid":491,"total":77},
{"id":226,"created_date":"12/13/2017","description":"Industrial","paid":925,"total":433},
{"id":227,"created_date":"12/18/2017","description":"Kids","paid":256,"total":32},
{"id":228,"created_date":"2/5/2018","description":"Sports","paid":320,"total":543},
{"id":229,"created_date":"9/10/2018","description":"Home","paid":218,"total":946},
{"id":230,"created_date":"10/1/2018","description":"Sports","paid":328,"total":242},
{"id":231,"created_date":"3/27/2018","description":"Garden","paid":949,"total":4},
{"id":232,"created_date":"1/3/2018","description":"Health","paid":864,"total":904},
{"id":233,"created_date":"7/29/2018","description":"Industrial","paid":419,"total":430},
{"id":234,"created_date":"8/31/2018","description":"Garden","paid":760,"total":509},
{"id":235,"created_date":"1/31/2018","description":"Shoes","paid":603,"total":488},
{"id":236,"created_date":"3/19/2018","description":"Toys","paid":941,"total":761},
{"id":237,"created_date":"12/10/2017","description":"Music","paid":169,"total":540},
{"id":238,"created_date":"9/6/2018","description":"Home","paid":463,"total":569},
{"id":239,"created_date":"1/9/2018","description":"Grocery","paid":87,"total":672},
{"id":240,"created_date":"4/26/2018","description":"Grocery","paid":645,"total":190},
{"id":241,"created_date":"8/16/2018","description":"Toys","paid":989,"total":733},
{"id":242,"created_date":"10/16/2017","description":"Beauty","paid":665,"total":597},
{"id":243,"created_date":"12/20/2017","description":"Kids","paid":384,"total":567},
{"id":244,"created_date":"8/20/2018","description":"Beauty","paid":204,"total":159},
{"id":245,"created_date":"9/8/2018","description":"Home","paid":365,"total":17},
{"id":246,"created_date":"8/12/2018","description":"Movies","paid":572,"total":123},
{"id":247,"created_date":"6/29/2018","description":"Games","paid":848,"total":234},
{"id":248,"created_date":"9/27/2018","description":"Grocery","paid":160,"total":406},
{"id":249,"created_date":"8/2/2018","description":"Games","paid":618,"total":664},
{"id":250,"created_date":"5/9/2018","description":"Automotive","paid":259,"total":239},
{"id":251,"created_date":"3/13/2018","description":"Home","paid":556,"total":832},
{"id":252,"created_date":"5/9/2018","description":"Computers","paid":522,"total":475},
{"id":253,"created_date":"10/5/2018","description":"Beauty","paid":96,"total":373},
{"id":254,"created_date":"4/4/2018","description":"Automotive","paid":107,"total":443},
{"id":255,"created_date":"6/2/2018","description":"Kids","paid":484,"total":175},
{"id":256,"created_date":"2/4/2018","description":"Movies","paid":833,"total":355},
{"id":257,"created_date":"4/23/2018","description":"Games","paid":120,"total":969},
{"id":258,"created_date":"8/10/2018","description":"Beauty","paid":270,"total":982},
{"id":259,"created_date":"1/12/2018","description":"Music","paid":881,"total":397},
{"id":260,"created_date":"1/13/2018","description":"Jewelery","paid":537,"total":195},
{"id":261,"created_date":"10/9/2017","description":"Books","paid":314,"total":204},
{"id":262,"created_date":"9/25/2018","description":"Grocery","paid":883,"total":768},
{"id":263,"created_date":"5/8/2018","description":"Clothing","paid":377,"total":359},
{"id":264,"created_date":"5/28/2018","description":"Outdoors","paid":211,"total":908},
{"id":265,"created_date":"6/19/2018","description":"Books","paid":540,"total":441},
{"id":266,"created_date":"1/4/2018","description":"Games","paid":435,"total":547},
{"id":267,"created_date":"6/30/2018","description":"Home","paid":435,"total":887},
{"id":268,"created_date":"2/20/2018","description":"Shoes","paid":434,"total":856},
{"id":269,"created_date":"8/22/2018","description":"Health","paid":640,"total":920},
{"id":270,"created_date":"3/9/2018","description":"Shoes","paid":120,"total":869},
{"id":271,"created_date":"5/31/2018","description":"Tools","paid":884,"total":507},
{"id":272,"created_date":"11/2/2017","description":"Home","paid":492,"total":179},
{"id":273,"created_date":"7/20/2018","description":"Kids","paid":824,"total":665},
{"id":274,"created_date":"2/9/2018","description":"Music","paid":473,"total":871},
{"id":275,"created_date":"9/23/2018","description":"Clothing","paid":397,"total":343},
{"id":276,"created_date":"1/19/2018","description":"Shoes","paid":52,"total":855},
{"id":277,"created_date":"12/28/2017","description":"Sports","paid":650,"total":665},
{"id":278,"created_date":"7/21/2018","description":"Garden","paid":454,"total":363},
{"id":279,"created_date":"4/20/2018","description":"Sports","paid":827,"total":596},
{"id":280,"created_date":"5/19/2018","description":"Games","paid":64,"total":335},
{"id":281,"created_date":"1/10/2018","description":"Toys","paid":857,"total":200},
{"id":282,"created_date":"3/26/2018","description":"Music","paid":354,"total":570},
{"id":283,"created_date":"2/20/2018","description":"Beauty","paid":115,"total":146},
{"id":284,"created_date":"11/7/2017","description":"Baby","paid":139,"total":444},
{"id":285,"created_date":"12/28/2017","description":"Books","paid":667,"total":479},
{"id":286,"created_date":"2/2/2018","description":"Home","paid":822,"total":638},
{"id":287,"created_date":"11/9/2017","description":"Grocery","paid":802,"total":636},
{"id":288,"created_date":"4/22/2018","description":"Industrial","paid":28,"total":61},
{"id":289,"created_date":"7/21/2018","description":"Outdoors","paid":102,"total":378},
{"id":290,"created_date":"4/3/2018","description":"Toys","paid":487,"total":683},
{"id":291,"created_date":"11/27/2017","description":"Garden","paid":863,"total":500},
{"id":292,"created_date":"6/12/2018","description":"Sports","paid":565,"total":166},
{"id":293,"created_date":"11/12/2017","description":"Computers","paid":590,"total":245},
{"id":294,"created_date":"1/31/2018","description":"Beauty","paid":35,"total":558},
{"id":295,"created_date":"6/8/2018","description":"Books","paid":682,"total":706},
{"id":296,"created_date":"12/26/2017","description":"Beauty","paid":232,"total":756},
{"id":297,"created_date":"4/25/2018","description":"Toys","paid":937,"total":358},
{"id":298,"created_date":"7/10/2018","description":"Sports","paid":517,"total":546},
{"id":299,"created_date":"10/16/2017","description":"Tools","paid":531,"total":26},
{"id":300,"created_date":"10/20/2017","description":"Jewelery","paid":437,"total":803},
{"id":301,"created_date":"7/10/2018","description":"Music","paid":324,"total":440},
{"id":302,"created_date":"9/9/2018","description":"Music","paid":824,"total":464},
{"id":303,"created_date":"3/31/2018","description":"Computers","paid":692,"total":516},
{"id":304,"created_date":"4/18/2018","description":"Shoes","paid":722,"total":272},
{"id":305,"created_date":"11/22/2017","description":"Clothing","paid":749,"total":997},
{"id":306,"created_date":"9/15/2018","description":"Baby","paid":22,"total":410},
{"id":307,"created_date":"11/26/2017","description":"Tools","paid":171,"total":655},
{"id":308,"created_date":"3/20/2018","description":"Books","paid":323,"total":283},
{"id":309,"created_date":"11/13/2017","description":"Health","paid":62,"total":443},
{"id":310,"created_date":"11/12/2017","description":"Automotive","paid":211,"total":280},
{"id":311,"created_date":"12/15/2017","description":"Outdoors","paid":707,"total":891},
{"id":312,"created_date":"9/24/2018","description":"Tools","paid":33,"total":675},
{"id":313,"created_date":"9/7/2018","description":"Grocery","paid":571,"total":430},
{"id":314,"created_date":"1/11/2018","description":"Electronics","paid":583,"total":281},
{"id":315,"created_date":"7/7/2018","description":"Books","paid":263,"total":21},
{"id":316,"created_date":"3/8/2018","description":"Electronics","paid":585,"total":511},
{"id":317,"created_date":"4/16/2018","description":"Tools","paid":480,"total":903},
{"id":318,"created_date":"12/2/2017","description":"Books","paid":527,"total":762},
{"id":319,"created_date":"5/28/2018","description":"Music","paid":672,"total":393},
{"id":320,"created_date":"10/26/2017","description":"Tools","paid":872,"total":767},
{"id":321,"created_date":"9/13/2018","description":"Health","paid":678,"total":868},
{"id":322,"created_date":"7/25/2018","description":"Games","paid":209,"total":904},
{"id":323,"created_date":"3/11/2018","description":"Automotive","paid":566,"total":628},
{"id":324,"created_date":"9/15/2018","description":"Home","paid":987,"total":689},
{"id":325,"created_date":"12/11/2017","description":"Baby","paid":785,"total":519},
{"id":326,"created_date":"4/13/2018","description":"Beauty","paid":64,"total":421},
{"id":327,"created_date":"9/25/2018","description":"Automotive","paid":868,"total":425},
{"id":328,"created_date":"11/10/2017","description":"Baby","paid":174,"total":329},
{"id":329,"created_date":"9/3/2018","description":"Baby","paid":345,"total":946},
{"id":330,"created_date":"6/30/2018","description":"Music","paid":743,"total":374},
{"id":331,"created_date":"1/22/2018","description":"Sports","paid":301,"total":647},
{"id":332,"created_date":"10/4/2018","description":"Jewelery","paid":877,"total":512},
{"id":333,"created_date":"12/2/2017","description":"Books","paid":600,"total":646},
{"id":334,"created_date":"12/16/2017","description":"Music","paid":22,"total":60},
{"id":335,"created_date":"3/15/2018","description":"Baby","paid":98,"total":120},
{"id":336,"created_date":"7/7/2018","description":"Sports","paid":360,"total":233},
{"id":337,"created_date":"5/30/2018","description":"Music","paid":809,"total":117},
{"id":338,"created_date":"9/24/2018","description":"Toys","paid":311,"total":187},
{"id":339,"created_date":"3/4/2018","description":"Outdoors","paid":974,"total":879},
{"id":340,"created_date":"1/30/2018","description":"Automotive","paid":434,"total":549},
{"id":341,"created_date":"5/16/2018","description":"Clothing","paid":659,"total":689},
{"id":342,"created_date":"6/4/2018","description":"Automotive","paid":412,"total":891},
{"id":343,"created_date":"2/28/2018","description":"Sports","paid":593,"total":14},
{"id":344,"created_date":"4/18/2018","description":"Beauty","paid":212,"total":780},
{"id":345,"created_date":"8/15/2018","description":"Toys","paid":854,"total":978},
{"id":346,"created_date":"4/12/2018","description":"Beauty","paid":857,"total":329},
{"id":347,"created_date":"3/2/2018","description":"Health","paid":579,"total":850},
{"id":348,"created_date":"7/2/2018","description":"Electronics","paid":763,"total":248},
{"id":349,"created_date":"8/10/2018","description":"Games","paid":136,"total":134},
{"id":350,"created_date":"5/24/2018","description":"Jewelery","paid":101,"total":919},
{"id":351,"created_date":"2/25/2018","description":"Games","paid":163,"total":286},
{"id":352,"created_date":"4/2/2018","description":"Clothing","paid":916,"total":520},
{"id":353,"created_date":"3/5/2018","description":"Toys","paid":644,"total":566},
{"id":354,"created_date":"6/7/2018","description":"Games","paid":528,"total":85},
{"id":355,"created_date":"9/16/2018","description":"Sports","paid":769,"total":735},
{"id":356,"created_date":"11/12/2017","description":"Movies","paid":385,"total":39},
{"id":357,"created_date":"7/14/2018","description":"Electronics","paid":333,"total":383},
{"id":358,"created_date":"1/6/2018","description":"Shoes","paid":415,"total":525},
{"id":359,"created_date":"2/13/2018","description":"Baby","paid":111,"total":681},
{"id":360,"created_date":"7/27/2018","description":"Books","paid":232,"total":985},
{"id":361,"created_date":"10/19/2017","description":"Toys","paid":777,"total":478},
{"id":362,"created_date":"10/23/2017","description":"Outdoors","paid":207,"total":594},
{"id":363,"created_date":"12/27/2017","description":"Beauty","paid":654,"total":455},
{"id":364,"created_date":"6/10/2018","description":"Garden","paid":875,"total":160},
{"id":365,"created_date":"2/5/2018","description":"Books","paid":840,"total":255},
{"id":366,"created_date":"10/20/2017","description":"Shoes","paid":327,"total":837},
{"id":367,"created_date":"5/8/2018","description":"Kids","paid":577,"total":72},
{"id":368,"created_date":"3/17/2018","description":"Jewelery","paid":64,"total":124},
{"id":369,"created_date":"3/30/2018","description":"Kids","paid":674,"total":564},
{"id":370,"created_date":"3/13/2018","description":"Grocery","paid":366,"total":784},
{"id":371,"created_date":"11/12/2017","description":"Grocery","paid":132,"total":217},
{"id":372,"created_date":"2/2/2018","description":"Music","paid":514,"total":297},
{"id":373,"created_date":"1/26/2018","description":"Tools","paid":119,"total":717},
{"id":374,"created_date":"12/17/2017","description":"Shoes","paid":138,"total":323},
{"id":375,"created_date":"5/12/2018","description":"Tools","paid":239,"total":13},
{"id":376,"created_date":"1/3/2018","description":"Computers","paid":969,"total":163},
{"id":377,"created_date":"7/25/2018","description":"Books","paid":685,"total":93},
{"id":378,"created_date":"2/24/2018","description":"Outdoors","paid":248,"total":711},
{"id":379,"created_date":"3/20/2018","description":"Clothing","paid":526,"total":801},
{"id":380,"created_date":"12/23/2017","description":"Kids","paid":757,"total":653},
{"id":381,"created_date":"8/11/2018","description":"Movies","paid":184,"total":413},
{"id":382,"created_date":"7/10/2018","description":"Automotive","paid":143,"total":382},
{"id":383,"created_date":"9/6/2018","description":"Baby","paid":725,"total":817},
{"id":384,"created_date":"1/25/2018","description":"Sports","paid":42,"total":860},
{"id":385,"created_date":"6/29/2018","description":"Computers","paid":343,"total":321},
{"id":386,"created_date":"6/27/2018","description":"Kids","paid":317,"total":631},
{"id":387,"created_date":"4/3/2018","description":"Tools","paid":907,"total":27},
{"id":388,"created_date":"8/22/2018","description":"Games","paid":309,"total":417},
{"id":389,"created_date":"3/12/2018","description":"Sports","paid":302,"total":25},
{"id":390,"created_date":"4/3/2018","description":"Grocery","paid":725,"total":46},
{"id":391,"created_date":"11/5/2017","description":"Movies","paid":323,"total":948},
{"id":392,"created_date":"9/3/2018","description":"Shoes","paid":621,"total":639},
{"id":393,"created_date":"6/13/2018","description":"Jewelery","paid":232,"total":69},
{"id":394,"created_date":"10/23/2017","description":"Computers","paid":190,"total":136},
{"id":395,"created_date":"11/14/2017","description":"Computers","paid":414,"total":319},
{"id":396,"created_date":"9/24/2018","description":"Games","paid":272,"total":20},
{"id":397,"created_date":"11/30/2017","description":"Industrial","paid":222,"total":879},
{"id":398,"created_date":"5/8/2018","description":"Kids","paid":905,"total":776},
{"id":399,"created_date":"3/20/2018","description":"Clothing","paid":554,"total":386},
{"id":400,"created_date":"5/5/2018","description":"Grocery","paid":433,"total":780},
{"id":401,"created_date":"3/4/2018","description":"Baby","paid":950,"total":935},
{"id":402,"created_date":"7/29/2018","description":"Garden","paid":299,"total":420},
{"id":403,"created_date":"3/31/2018","description":"Shoes","paid":239,"total":750},
{"id":404,"created_date":"2/10/2018","description":"Books","paid":467,"total":995},
{"id":405,"created_date":"10/26/2017","description":"Jewelery","paid":82,"total":458},
{"id":406,"created_date":"3/12/2018","description":"Jewelery","paid":809,"total":328},
{"id":407,"created_date":"10/10/2017","description":"Garden","paid":171,"total":12},
{"id":408,"created_date":"8/2/2018","description":"Toys","paid":414,"total":778},
{"id":409,"created_date":"9/10/2018","description":"Sports","paid":880,"total":182},
{"id":410,"created_date":"1/28/2018","description":"Shoes","paid":989,"total":234},
{"id":411,"created_date":"1/7/2018","description":"Shoes","paid":920,"total":372},
{"id":412,"created_date":"1/17/2018","description":"Games","paid":709,"total":828},
{"id":413,"created_date":"9/13/2018","description":"Industrial","paid":334,"total":413},
{"id":414,"created_date":"1/20/2018","description":"Industrial","paid":481,"total":27},
{"id":415,"created_date":"1/30/2018","description":"Electronics","paid":212,"total":876},
{"id":416,"created_date":"8/28/2018","description":"Health","paid":834,"total":278},
{"id":417,"created_date":"4/21/2018","description":"Toys","paid":454,"total":776},
{"id":418,"created_date":"11/29/2017","description":"Tools","paid":515,"total":859},
{"id":419,"created_date":"5/12/2018","description":"Baby","paid":165,"total":494},
{"id":420,"created_date":"8/2/2018","description":"Jewelery","paid":777,"total":849},
{"id":421,"created_date":"5/16/2018","description":"Beauty","paid":560,"total":48},
{"id":422,"created_date":"11/2/2017","description":"Jewelery","paid":498,"total":970},
{"id":423,"created_date":"5/20/2018","description":"Home","paid":897,"total":321},
{"id":424,"created_date":"3/1/2018","description":"Movies","paid":583,"total":920},
{"id":425,"created_date":"12/29/2017","description":"Outdoors","paid":820,"total":700},
{"id":426,"created_date":"9/11/2018","description":"Home","paid":931,"total":540},
{"id":427,"created_date":"8/7/2018","description":"Industrial","paid":455,"total":421},
{"id":428,"created_date":"7/7/2018","description":"Garden","paid":875,"total":784},
{"id":429,"created_date":"3/10/2018","description":"Electronics","paid":80,"total":253},
{"id":430,"created_date":"2/14/2018","description":"Electronics","paid":606,"total":173},
{"id":431,"created_date":"11/15/2017","description":"Jewelery","paid":39,"total":32},
{"id":432,"created_date":"11/7/2017","description":"Clothing","paid":174,"total":592},
{"id":433,"created_date":"9/10/2018","description":"Automotive","paid":284,"total":264},
{"id":434,"created_date":"11/13/2017","description":"Garden","paid":686,"total":435},
{"id":435,"created_date":"12/24/2017","description":"Music","paid":879,"total":485},
{"id":436,"created_date":"5/27/2018","description":"Computers","paid":362,"total":22},
{"id":437,"created_date":"5/27/2018","description":"Baby","paid":366,"total":723},
{"id":438,"created_date":"3/22/2018","description":"Industrial","paid":994,"total":484},
{"id":439,"created_date":"10/11/2017","description":"Books","paid":729,"total":989},
{"id":440,"created_date":"2/16/2018","description":"Automotive","paid":524,"total":20},
{"id":441,"created_date":"10/11/2017","description":"Tools","paid":922,"total":698},
{"id":442,"created_date":"11/22/2017","description":"Grocery","paid":482,"total":541},
{"id":443,"created_date":"12/10/2017","description":"Industrial","paid":714,"total":9},
{"id":444,"created_date":"1/26/2018","description":"Garden","paid":588,"total":664},
{"id":445,"created_date":"9/12/2018","description":"Shoes","paid":492,"total":257},
{"id":446,"created_date":"1/31/2018","description":"Beauty","paid":671,"total":635},
{"id":447,"created_date":"8/3/2018","description":"Grocery","paid":72,"total":583},
{"id":448,"created_date":"8/3/2018","description":"Kids","paid":109,"total":946},
{"id":449,"created_date":"5/26/2018","description":"Jewelery","paid":740,"total":321},
{"id":450,"created_date":"12/2/2017","description":"Toys","paid":544,"total":838},
{"id":451,"created_date":"6/7/2018","description":"Tools","paid":470,"total":679},
{"id":452,"created_date":"9/21/2018","description":"Home","paid":610,"total":47},
{"id":453,"created_date":"9/3/2018","description":"Garden","paid":814,"total":276},
{"id":454,"created_date":"11/3/2017","description":"Industrial","paid":24,"total":552},
{"id":455,"created_date":"8/18/2018","description":"Books","paid":271,"total":659},
{"id":456,"created_date":"6/23/2018","description":"Kids","paid":785,"total":48},
{"id":457,"created_date":"12/24/2017","description":"Clothing","paid":504,"total":532},
{"id":458,"created_date":"6/23/2018","description":"Automotive","paid":308,"total":26},
{"id":459,"created_date":"9/30/2018","description":"Industrial","paid":560,"total":798},
{"id":460,"created_date":"8/10/2018","description":"Jewelery","paid":169,"total":797},
{"id":461,"created_date":"1/31/2018","description":"Music","paid":747,"total":601},
{"id":462,"created_date":"2/8/2018","description":"Jewelery","paid":763,"total":920},
{"id":463,"created_date":"10/27/2017","description":"Shoes","paid":332,"total":520},
{"id":464,"created_date":"10/1/2018","description":"Games","paid":62,"total":670},
{"id":465,"created_date":"2/18/2018","description":"Grocery","paid":429,"total":751},
{"id":466,"created_date":"3/2/2018","description":"Industrial","paid":161,"total":821},
{"id":467,"created_date":"10/6/2018","description":"Games","paid":909,"total":372},
{"id":468,"created_date":"5/23/2018","description":"Tools","paid":517,"total":793},
{"id":469,"created_date":"3/6/2018","description":"Beauty","paid":913,"total":3},
{"id":470,"created_date":"3/20/2018","description":"Garden","paid":637,"total":450},
{"id":471,"created_date":"6/22/2018","description":"Shoes","paid":367,"total":944},
{"id":472,"created_date":"12/15/2017","description":"Shoes","paid":577,"total":819},
{"id":473,"created_date":"4/2/2018","description":"Jewelery","paid":109,"total":601},
{"id":474,"created_date":"12/22/2017","description":"Books","paid":767,"total":134},
{"id":475,"created_date":"7/24/2018","description":"Toys","paid":716,"total":584},
{"id":476,"created_date":"8/27/2018","description":"Outdoors","paid":40,"total":682},
{"id":477,"created_date":"5/31/2018","description":"Clothing","paid":399,"total":578},
{"id":478,"created_date":"3/26/2018","description":"Automotive","paid":712,"total":888},
{"id":479,"created_date":"6/7/2018","description":"Grocery","paid":641,"total":535},
{"id":480,"created_date":"3/18/2018","description":"Movies","paid":173,"total":415},
{"id":481,"created_date":"11/4/2017","description":"Books","paid":361,"total":764},
{"id":482,"created_date":"5/22/2018","description":"Automotive","paid":419,"total":28},
{"id":483,"created_date":"11/20/2017","description":"Games","paid":854,"total":557},
{"id":484,"created_date":"5/3/2018","description":"Grocery","paid":141,"total":923},
{"id":485,"created_date":"4/28/2018","description":"Electronics","paid":487,"total":822},
{"id":486,"created_date":"12/8/2017","description":"Toys","paid":690,"total":951},
{"id":487,"created_date":"9/20/2018","description":"Beauty","paid":522,"total":465},
{"id":488,"created_date":"12/13/2017","description":"Movies","paid":569,"total":364},
{"id":489,"created_date":"5/21/2018","description":"Jewelery","paid":836,"total":832},
{"id":490,"created_date":"9/30/2018","description":"Movies","paid":927,"total":736},
{"id":491,"created_date":"4/17/2018","description":"Tools","paid":144,"total":596},
{"id":492,"created_date":"1/11/2018","description":"Movies","paid":680,"total":635},
{"id":493,"created_date":"5/8/2018","description":"Outdoors","paid":855,"total":145},
{"id":494,"created_date":"3/5/2018","description":"Games","paid":839,"total":654},
{"id":495,"created_date":"7/11/2018","description":"Industrial","paid":634,"total":221},
{"id":496,"created_date":"5/5/2018","description":"Books","paid":488,"total":849},
{"id":497,"created_date":"11/24/2017","description":"Beauty","paid":530,"total":241},
{"id":498,"created_date":"11/1/2017","description":"Movies","paid":906,"total":348},
{"id":499,"created_date":"4/19/2018","description":"Industrial","paid":312,"total":48},
{"id":500,"created_date":"7/23/2018","description":"Tools","paid":800,"total":565},
{"id":501,"created_date":"11/15/2017","description":"Sports","paid":835,"total":18},
{"id":502,"created_date":"4/11/2018","description":"Beauty","paid":395,"total":794},
{"id":503,"created_date":"4/8/2018","description":"Movies","paid":971,"total":632},
{"id":504,"created_date":"1/28/2018","description":"Garden","paid":705,"total":224},
{"id":505,"created_date":"5/18/2018","description":"Tools","paid":776,"total":10},
{"id":506,"created_date":"1/23/2018","description":"Movies","paid":289,"total":81},
{"id":507,"created_date":"9/22/2018","description":"Outdoors","paid":844,"total":111},
{"id":508,"created_date":"3/10/2018","description":"Kids","paid":240,"total":147},
{"id":509,"created_date":"2/13/2018","description":"Books","paid":796,"total":920},
{"id":510,"created_date":"1/29/2018","description":"Tools","paid":570,"total":757},
{"id":511,"created_date":"4/21/2018","description":"Computers","paid":654,"total":658},
{"id":512,"created_date":"1/3/2018","description":"Beauty","paid":798,"total":409},
{"id":513,"created_date":"11/20/2017","description":"Shoes","paid":18,"total":587},
{"id":514,"created_date":"5/8/2018","description":"Kids","paid":444,"total":178},
{"id":515,"created_date":"1/3/2018","description":"Grocery","paid":410,"total":879},
{"id":516,"created_date":"6/27/2018","description":"Grocery","paid":339,"total":210},
{"id":517,"created_date":"6/26/2018","description":"Beauty","paid":678,"total":593},
{"id":518,"created_date":"11/4/2017","description":"Industrial","paid":702,"total":509},
{"id":519,"created_date":"11/2/2017","description":"Movies","paid":264,"total":519},
{"id":520,"created_date":"4/5/2018","description":"Sports","paid":273,"total":358},
{"id":521,"created_date":"8/8/2018","description":"Electronics","paid":176,"total":761},
{"id":522,"created_date":"12/14/2017","description":"Electronics","paid":41,"total":541},
{"id":523,"created_date":"9/8/2018","description":"Garden","paid":28,"total":507},
{"id":524,"created_date":"7/29/2018","description":"Electronics","paid":17,"total":105},
{"id":525,"created_date":"7/21/2018","description":"Baby","paid":785,"total":644},
{"id":526,"created_date":"12/1/2017","description":"Movies","paid":899,"total":639},
{"id":527,"created_date":"11/17/2017","description":"Sports","paid":538,"total":266},
{"id":528,"created_date":"10/7/2018","description":"Outdoors","paid":902,"total":820},
{"id":529,"created_date":"10/19/2017","description":"Automotive","paid":278,"total":620},
{"id":530,"created_date":"11/30/2017","description":"Books","paid":984,"total":699},
{"id":531,"created_date":"10/30/2017","description":"Jewelery","paid":794,"total":740},
{"id":532,"created_date":"6/6/2018","description":"Toys","paid":716,"total":23},
{"id":533,"created_date":"10/4/2018","description":"Music","paid":904,"total":234},
{"id":534,"created_date":"1/5/2018","description":"Outdoors","paid":310,"total":137},
{"id":535,"created_date":"5/17/2018","description":"Books","paid":594,"total":705},
{"id":536,"created_date":"10/5/2018","description":"Home","paid":187,"total":418},
{"id":537,"created_date":"2/24/2018","description":"Tools","paid":906,"total":503},
{"id":538,"created_date":"8/1/2018","description":"Music","paid":202,"total":110},
{"id":539,"created_date":"11/16/2017","description":"Industrial","paid":624,"total":477},
{"id":540,"created_date":"3/8/2018","description":"Music","paid":24,"total":418},
{"id":541,"created_date":"1/6/2018","description":"Toys","paid":919,"total":811},
{"id":542,"created_date":"7/17/2018","description":"Baby","paid":457,"total":818},
{"id":543,"created_date":"4/16/2018","description":"Home","paid":763,"total":769},
{"id":544,"created_date":"7/17/2018","description":"Home","paid":726,"total":622},
{"id":545,"created_date":"4/9/2018","description":"Home","paid":1000,"total":334},
{"id":546,"created_date":"12/28/2017","description":"Music","paid":352,"total":747},
{"id":547,"created_date":"4/4/2018","description":"Automotive","paid":87,"total":614},
{"id":548,"created_date":"10/30/2017","description":"Tools","paid":547,"total":127},
{"id":549,"created_date":"12/11/2017","description":"Baby","paid":642,"total":929},
{"id":550,"created_date":"11/21/2017","description":"Home","paid":16,"total":490},
{"id":551,"created_date":"10/7/2018","description":"Home","paid":846,"total":599},
{"id":552,"created_date":"4/19/2018","description":"Health","paid":634,"total":415},
{"id":553,"created_date":"4/4/2018","description":"Grocery","paid":996,"total":704},
{"id":554,"created_date":"2/27/2018","description":"Grocery","paid":24,"total":366},
{"id":555,"created_date":"2/9/2018","description":"Beauty","paid":595,"total":101},
{"id":556,"created_date":"1/21/2018","description":"Garden","paid":656,"total":619},
{"id":557,"created_date":"1/7/2018","description":"Toys","paid":434,"total":660},
{"id":558,"created_date":"1/18/2018","description":"Industrial","paid":938,"total":968},
{"id":559,"created_date":"6/12/2018","description":"Garden","paid":13,"total":123},
{"id":560,"created_date":"6/6/2018","description":"Jewelery","paid":696,"total":424},
{"id":561,"created_date":"4/17/2018","description":"Toys","paid":619,"total":579},
{"id":562,"created_date":"2/18/2018","description":"Music","paid":705,"total":853},
{"id":563,"created_date":"5/25/2018","description":"Kids","paid":720,"total":182},
{"id":564,"created_date":"2/8/2018","description":"Games","paid":105,"total":98},
{"id":565,"created_date":"6/24/2018","description":"Jewelery","paid":923,"total":942},
{"id":566,"created_date":"9/19/2018","description":"Jewelery","paid":92,"total":758},
{"id":567,"created_date":"3/25/2018","description":"Sports","paid":764,"total":543},
{"id":568,"created_date":"12/9/2017","description":"Garden","paid":160,"total":861},
{"id":569,"created_date":"2/13/2018","description":"Industrial","paid":86,"total":503},
{"id":570,"created_date":"9/3/2018","description":"Automotive","paid":491,"total":479},
{"id":571,"created_date":"2/17/2018","description":"Electronics","paid":522,"total":968},
{"id":572,"created_date":"2/16/2018","description":"Garden","paid":983,"total":928},
{"id":573,"created_date":"8/30/2018","description":"Jewelery","paid":730,"total":52},
{"id":574,"created_date":"5/24/2018","description":"Clothing","paid":164,"total":30},
{"id":575,"created_date":"9/10/2018","description":"Movies","paid":959,"total":132},
{"id":576,"created_date":"12/30/2017","description":"Jewelery","paid":560,"total":284},
{"id":577,"created_date":"9/4/2018","description":"Tools","paid":123,"total":130},
{"id":578,"created_date":"10/30/2017","description":"Shoes","paid":799,"total":943},
{"id":579,"created_date":"5/12/2018","description":"Music","paid":982,"total":702},
{"id":580,"created_date":"5/17/2018","description":"Jewelery","paid":506,"total":675},
{"id":581,"created_date":"5/22/2018","description":"Beauty","paid":598,"total":576},
{"id":582,"created_date":"6/7/2018","description":"Beauty","paid":364,"total":354},
{"id":583,"created_date":"11/8/2017","description":"Computers","paid":27,"total":631},
{"id":584,"created_date":"9/3/2018","description":"Industrial","paid":123,"total":656},
{"id":585,"created_date":"7/26/2018","description":"Clothing","paid":923,"total":13},
{"id":586,"created_date":"10/5/2018","description":"Sports","paid":635,"total":218},
{"id":587,"created_date":"8/14/2018","description":"Clothing","paid":275,"total":770},
{"id":588,"created_date":"3/10/2018","description":"Clothing","paid":803,"total":854},
{"id":589,"created_date":"5/19/2018","description":"Jewelery","paid":348,"total":168},
{"id":590,"created_date":"4/22/2018","description":"Clothing","paid":301,"total":396},
{"id":591,"created_date":"7/20/2018","description":"Music","paid":113,"total":626},
{"id":592,"created_date":"6/27/2018","description":"Outdoors","paid":440,"total":266},
{"id":593,"created_date":"2/15/2018","description":"Books","paid":917,"total":492},
{"id":594,"created_date":"8/7/2018","description":"Electronics","paid":882,"total":261},
{"id":595,"created_date":"7/9/2018","description":"Books","paid":706,"total":603},
{"id":596,"created_date":"10/6/2018","description":"Toys","paid":609,"total":594},
{"id":597,"created_date":"3/3/2018","description":"Jewelery","paid":726,"total":366},
{"id":598,"created_date":"8/12/2018","description":"Kids","paid":478,"total":179},
{"id":599,"created_date":"3/6/2018","description":"Games","paid":68,"total":734},
{"id":600,"created_date":"8/5/2018","description":"Garden","paid":377,"total":494},
{"id":601,"created_date":"7/6/2018","description":"Toys","paid":740,"total":107},
{"id":602,"created_date":"9/11/2018","description":"Outdoors","paid":421,"total":405},
{"id":603,"created_date":"5/4/2018","description":"Shoes","paid":365,"total":104},
{"id":604,"created_date":"12/4/2017","description":"Home","paid":409,"total":436},
{"id":605,"created_date":"10/2/2018","description":"Sports","paid":415,"total":703},
{"id":606,"created_date":"8/21/2018","description":"Home","paid":659,"total":373},
{"id":607,"created_date":"2/22/2018","description":"Grocery","paid":714,"total":842},
{"id":608,"created_date":"4/20/2018","description":"Outdoors","paid":481,"total":819},
{"id":609,"created_date":"4/26/2018","description":"Automotive","paid":663,"total":418},
{"id":610,"created_date":"1/2/2018","description":"Jewelery","paid":530,"total":43},
{"id":611,"created_date":"4/23/2018","description":"Health","paid":198,"total":409},
{"id":612,"created_date":"8/29/2018","description":"Books","paid":267,"total":423},
{"id":613,"created_date":"12/17/2017","description":"Garden","paid":587,"total":838},
{"id":614,"created_date":"2/5/2018","description":"Movies","paid":707,"total":12},
{"id":615,"created_date":"5/29/2018","description":"Computers","paid":975,"total":30},
{"id":616,"created_date":"7/9/2018","description":"Books","paid":4,"total":791},
{"id":617,"created_date":"2/5/2018","description":"Baby","paid":64,"total":525},
{"id":618,"created_date":"10/14/2017","description":"Health","paid":848,"total":652},
{"id":619,"created_date":"6/17/2018","description":"Garden","paid":135,"total":467},
{"id":620,"created_date":"5/27/2018","description":"Movies","paid":73,"total":424},
{"id":621,"created_date":"9/20/2018","description":"Automotive","paid":158,"total":610},
{"id":622,"created_date":"10/28/2017","description":"Movies","paid":402,"total":190},
{"id":623,"created_date":"10/24/2017","description":"Garden","paid":958,"total":144},
{"id":624,"created_date":"1/20/2018","description":"Outdoors","paid":871,"total":70},
{"id":625,"created_date":"10/12/2017","description":"Movies","paid":22,"total":337},
{"id":626,"created_date":"9/17/2018","description":"Games","paid":819,"total":664},
{"id":627,"created_date":"8/11/2018","description":"Baby","paid":490,"total":961},
{"id":628,"created_date":"7/13/2018","description":"Computers","paid":751,"total":981},
{"id":629,"created_date":"4/16/2018","description":"Music","paid":957,"total":389},
{"id":630,"created_date":"1/22/2018","description":"Books","paid":885,"total":770},
{"id":631,"created_date":"2/25/2018","description":"Computers","paid":765,"total":426},
{"id":632,"created_date":"3/5/2018","description":"Books","paid":401,"total":800},
{"id":633,"created_date":"6/17/2018","description":"Sports","paid":691,"total":478},
{"id":634,"created_date":"10/18/2017","description":"Computers","paid":776,"total":377},
{"id":635,"created_date":"6/27/2018","description":"Computers","paid":833,"total":794},
{"id":636,"created_date":"8/31/2018","description":"Beauty","paid":243,"total":92},
{"id":637,"created_date":"6/30/2018","description":"Beauty","paid":482,"total":304},
{"id":638,"created_date":"6/24/2018","description":"Clothing","paid":340,"total":655},
{"id":639,"created_date":"9/17/2018","description":"Beauty","paid":520,"total":313},
{"id":640,"created_date":"9/21/2018","description":"Grocery","paid":113,"total":113},
{"id":641,"created_date":"8/4/2018","description":"Clothing","paid":878,"total":279},
{"id":642,"created_date":"10/17/2017","description":"Books","paid":253,"total":809},
{"id":643,"created_date":"7/24/2018","description":"Music","paid":174,"total":656},
{"id":644,"created_date":"3/5/2018","description":"Tools","paid":895,"total":728},
{"id":645,"created_date":"12/18/2017","description":"Jewelery","paid":958,"total":981},
{"id":646,"created_date":"9/8/2018","description":"Health","paid":438,"total":98},
{"id":647,"created_date":"4/22/2018","description":"Computers","paid":163,"total":915},
{"id":648,"created_date":"5/7/2018","description":"Movies","paid":730,"total":526},
{"id":649,"created_date":"2/9/2018","description":"Shoes","paid":587,"total":430},
{"id":650,"created_date":"12/6/2017","description":"Games","paid":671,"total":283},
{"id":651,"created_date":"2/15/2018","description":"Kids","paid":610,"total":160},
{"id":652,"created_date":"8/2/2018","description":"Sports","paid":328,"total":674},
{"id":653,"created_date":"5/3/2018","description":"Electronics","paid":50,"total":627},
{"id":654,"created_date":"10/21/2017","description":"Electronics","paid":335,"total":846},
{"id":655,"created_date":"2/2/2018","description":"Beauty","paid":682,"total":239},
{"id":656,"created_date":"10/5/2018","description":"Tools","paid":167,"total":616},
{"id":657,"created_date":"6/25/2018","description":"Movies","paid":454,"total":109},
{"id":658,"created_date":"12/14/2017","description":"Outdoors","paid":706,"total":134},
{"id":659,"created_date":"11/9/2017","description":"Jewelery","paid":352,"total":420},
{"id":660,"created_date":"11/22/2017","description":"Tools","paid":169,"total":945},
{"id":661,"created_date":"11/1/2017","description":"Kids","paid":578,"total":813},
{"id":662,"created_date":"8/31/2018","description":"Garden","paid":422,"total":994},
{"id":663,"created_date":"12/22/2017","description":"Grocery","paid":710,"total":537},
{"id":664,"created_date":"11/26/2017","description":"Books","paid":375,"total":570},
{"id":665,"created_date":"12/13/2017","description":"Baby","paid":276,"total":669},
{"id":666,"created_date":"12/20/2017","description":"Outdoors","paid":86,"total":983},
{"id":667,"created_date":"10/17/2017","description":"Health","paid":638,"total":242},
{"id":668,"created_date":"4/11/2018","description":"Clothing","paid":653,"total":998},
{"id":669,"created_date":"7/23/2018","description":"Electronics","paid":64,"total":63},
{"id":670,"created_date":"9/28/2018","description":"Shoes","paid":573,"total":313},
{"id":671,"created_date":"6/17/2018","description":"Shoes","paid":610,"total":428},
{"id":672,"created_date":"8/3/2018","description":"Books","paid":865,"total":612},
{"id":673,"created_date":"10/17/2017","description":"Books","paid":459,"total":29},
{"id":674,"created_date":"8/1/2018","description":"Garden","paid":476,"total":583},
{"id":675,"created_date":"1/2/2018","description":"Sports","paid":683,"total":231},
{"id":676,"created_date":"9/29/2018","description":"Shoes","paid":968,"total":585},
{"id":677,"created_date":"9/9/2018","description":"Books","paid":201,"total":444},
{"id":678,"created_date":"6/5/2018","description":"Industrial","paid":631,"total":887},
{"id":679,"created_date":"4/25/2018","description":"Toys","paid":50,"total":918},
{"id":680,"created_date":"1/24/2018","description":"Clothing","paid":116,"total":404},
{"id":681,"created_date":"2/23/2018","description":"Sports","paid":615,"total":272},
{"id":682,"created_date":"9/1/2018","description":"Books","paid":697,"total":638},
{"id":683,"created_date":"9/3/2018","description":"Baby","paid":170,"total":882},
{"id":684,"created_date":"12/9/2017","description":"Kids","paid":998,"total":836},
{"id":685,"created_date":"7/9/2018","description":"Industrial","paid":189,"total":545},
{"id":686,"created_date":"12/20/2017","description":"Books","paid":60,"total":587},
{"id":687,"created_date":"11/19/2017","description":"Shoes","paid":211,"total":759},
{"id":688,"created_date":"3/18/2018","description":"Health","paid":643,"total":441},
{"id":689,"created_date":"11/1/2017","description":"Outdoors","paid":996,"total":984},
{"id":690,"created_date":"3/11/2018","description":"Industrial","paid":955,"total":240},
{"id":691,"created_date":"9/22/2018","description":"Kids","paid":281,"total":548},
{"id":692,"created_date":"11/9/2017","description":"Sports","paid":267,"total":475},
{"id":693,"created_date":"8/9/2018","description":"Shoes","paid":572,"total":740},
{"id":694,"created_date":"1/8/2018","description":"Automotive","paid":288,"total":498},
{"id":695,"created_date":"1/15/2018","description":"Books","paid":410,"total":722},
{"id":696,"created_date":"3/29/2018","description":"Jewelery","paid":775,"total":365},
{"id":697,"created_date":"2/11/2018","description":"Automotive","paid":833,"total":766},
{"id":698,"created_date":"9/20/2018","description":"Industrial","paid":285,"total":557},
{"id":699,"created_date":"8/24/2018","description":"Health","paid":832,"total":232},
{"id":700,"created_date":"2/2/2018","description":"Games","paid":608,"total":782},
{"id":701,"created_date":"12/30/2017","description":"Health","paid":297,"total":648},
{"id":702,"created_date":"8/10/2018","description":"Kids","paid":449,"total":195},
{"id":703,"created_date":"1/9/2018","description":"Games","paid":771,"total":570},
{"id":704,"created_date":"8/14/2018","description":"Games","paid":861,"total":144},
{"id":705,"created_date":"8/11/2018","description":"Tools","paid":684,"total":936},
{"id":706,"created_date":"7/24/2018","description":"Tools","paid":978,"total":39},
{"id":707,"created_date":"12/17/2017","description":"Garden","paid":202,"total":500},
{"id":708,"created_date":"11/22/2017","description":"Computers","paid":763,"total":853},
{"id":709,"created_date":"5/8/2018","description":"Beauty","paid":257,"total":322},
{"id":710,"created_date":"12/27/2017","description":"Beauty","paid":465,"total":899},
{"id":711,"created_date":"9/11/2018","description":"Shoes","paid":862,"total":976},
{"id":712,"created_date":"6/25/2018","description":"Computers","paid":618,"total":257},
{"id":713,"created_date":"4/12/2018","description":"Kids","paid":173,"total":779},
{"id":714,"created_date":"8/31/2018","description":"Books","paid":684,"total":911},
{"id":715,"created_date":"3/23/2018","description":"Health","paid":394,"total":15},
{"id":716,"created_date":"3/20/2018","description":"Shoes","paid":260,"total":327},
{"id":717,"created_date":"5/24/2018","description":"Jewelery","paid":435,"total":405},
{"id":718,"created_date":"7/17/2018","description":"Movies","paid":514,"total":996},
{"id":719,"created_date":"1/6/2018","description":"Computers","paid":479,"total":742},
{"id":720,"created_date":"11/20/2017","description":"Shoes","paid":37,"total":958},
{"id":721,"created_date":"8/18/2018","description":"Movies","paid":776,"total":532},
{"id":722,"created_date":"7/22/2018","description":"Home","paid":912,"total":404},
{"id":723,"created_date":"12/21/2017","description":"Garden","paid":735,"total":443},
{"id":724,"created_date":"1/18/2018","description":"Sports","paid":935,"total":62},
{"id":725,"created_date":"1/21/2018","description":"Toys","paid":333,"total":537},
{"id":726,"created_date":"8/31/2018","description":"Books","paid":9,"total":348},
{"id":727,"created_date":"6/30/2018","description":"Sports","paid":65,"total":945},
{"id":728,"created_date":"3/17/2018","description":"Tools","paid":442,"total":207},
{"id":729,"created_date":"5/26/2018","description":"Automotive","paid":163,"total":874},
{"id":730,"created_date":"4/12/2018","description":"Clothing","paid":374,"total":531},
{"id":731,"created_date":"6/7/2018","description":"Clothing","paid":148,"total":397},
{"id":732,"created_date":"3/3/2018","description":"Garden","paid":389,"total":806},
{"id":733,"created_date":"2/16/2018","description":"Tools","paid":400,"total":408},
{"id":734,"created_date":"2/5/2018","description":"Kids","paid":28,"total":707},
{"id":735,"created_date":"2/9/2018","description":"Electronics","paid":363,"total":348},
{"id":736,"created_date":"5/15/2018","description":"Industrial","paid":623,"total":54},
{"id":737,"created_date":"6/21/2018","description":"Sports","paid":226,"total":541},
{"id":738,"created_date":"7/1/2018","description":"Industrial","paid":26,"total":813},
{"id":739,"created_date":"2/9/2018","description":"Electronics","paid":11,"total":124},
{"id":740,"created_date":"4/15/2018","description":"Music","paid":968,"total":826},
{"id":741,"created_date":"4/7/2018","description":"Health","paid":903,"total":737},
{"id":742,"created_date":"12/20/2017","description":"Music","paid":684,"total":396},
{"id":743,"created_date":"8/13/2018","description":"Music","paid":272,"total":56},
{"id":744,"created_date":"5/2/2018","description":"Computers","paid":627,"total":153},
{"id":745,"created_date":"11/22/2017","description":"Electronics","paid":116,"total":814},
{"id":746,"created_date":"5/2/2018","description":"Outdoors","paid":665,"total":946},
{"id":747,"created_date":"2/8/2018","description":"Industrial","paid":456,"total":822},
{"id":748,"created_date":"9/12/2018","description":"Garden","paid":658,"total":792},
{"id":749,"created_date":"5/18/2018","description":"Baby","paid":108,"total":81},
{"id":750,"created_date":"4/8/2018","description":"Toys","paid":74,"total":899},
{"id":751,"created_date":"12/31/2017","description":"Toys","paid":580,"total":755},
{"id":752,"created_date":"1/24/2018","description":"Garden","paid":540,"total":184},
{"id":753,"created_date":"10/5/2018","description":"Garden","paid":487,"total":994},
{"id":754,"created_date":"1/11/2018","description":"Beauty","paid":551,"total":853},
{"id":755,"created_date":"7/20/2018","description":"Jewelery","paid":226,"total":484},
{"id":756,"created_date":"10/6/2018","description":"Garden","paid":973,"total":390},
{"id":757,"created_date":"6/29/2018","description":"Automotive","paid":938,"total":747},
{"id":758,"created_date":"2/27/2018","description":"Sports","paid":703,"total":421},
{"id":759,"created_date":"10/18/2017","description":"Electronics","paid":219,"total":922},
{"id":760,"created_date":"10/21/2017","description":"Kids","paid":877,"total":803},
{"id":761,"created_date":"11/18/2017","description":"Sports","paid":511,"total":276},
{"id":762,"created_date":"5/30/2018","description":"Home","paid":712,"total":850},
{"id":763,"created_date":"6/5/2018","description":"Automotive","paid":628,"total":737},
{"id":764,"created_date":"6/12/2018","description":"Outdoors","paid":3,"total":394},
{"id":765,"created_date":"4/23/2018","description":"Baby","paid":187,"total":189},
{"id":766,"created_date":"7/15/2018","description":"Music","paid":129,"total":446},
{"id":767,"created_date":"12/14/2017","description":"Clothing","paid":640,"total":888},
{"id":768,"created_date":"2/24/2018","description":"Games","paid":710,"total":797},
{"id":769,"created_date":"11/6/2017","description":"Kids","paid":758,"total":603},
{"id":770,"created_date":"8/7/2018","description":"Toys","paid":86,"total":411},
{"id":771,"created_date":"3/7/2018","description":"Clothing","paid":201,"total":294},
{"id":772,"created_date":"1/23/2018","description":"Electronics","paid":330,"total":326},
{"id":773,"created_date":"5/23/2018","description":"Movies","paid":836,"total":881},
{"id":774,"created_date":"7/13/2018","description":"Outdoors","paid":577,"total":792},
{"id":775,"created_date":"12/5/2017","description":"Outdoors","paid":99,"total":943},
{"id":776,"created_date":"1/8/2018","description":"Electronics","paid":52,"total":277},
{"id":777,"created_date":"10/20/2017","description":"Tools","paid":209,"total":201},
{"id":778,"created_date":"5/27/2018","description":"Clothing","paid":949,"total":757},
{"id":779,"created_date":"7/19/2018","description":"Sports","paid":239,"total":568},
{"id":780,"created_date":"10/30/2017","description":"Grocery","paid":982,"total":562},
{"id":781,"created_date":"12/17/2017","description":"Music","paid":831,"total":676},
{"id":782,"created_date":"12/1/2017","description":"Sports","paid":84,"total":745},
{"id":783,"created_date":"4/4/2018","description":"Movies","paid":953,"total":304},
{"id":784,"created_date":"2/7/2018","description":"Industrial","paid":6,"total":622},
{"id":785,"created_date":"8/31/2018","description":"Games","paid":535,"total":23},
{"id":786,"created_date":"11/20/2017","description":"Home","paid":723,"total":747},
{"id":787,"created_date":"4/20/2018","description":"Music","paid":759,"total":434},
{"id":788,"created_date":"8/31/2018","description":"Books","paid":843,"total":680},
{"id":789,"created_date":"5/10/2018","description":"Grocery","paid":425,"total":290},
{"id":790,"created_date":"1/5/2018","description":"Clothing","paid":792,"total":463},
{"id":791,"created_date":"7/19/2018","description":"Shoes","paid":93,"total":942},
{"id":792,"created_date":"11/15/2017","description":"Home","paid":665,"total":98},
{"id":793,"created_date":"6/4/2018","description":"Electronics","paid":545,"total":855},
{"id":794,"created_date":"10/3/2018","description":"Clothing","paid":624,"total":991},
{"id":795,"created_date":"8/7/2018","description":"Music","paid":459,"total":690},
{"id":796,"created_date":"7/3/2018","description":"Garden","paid":894,"total":70},
{"id":797,"created_date":"6/11/2018","description":"Sports","paid":887,"total":248},
{"id":798,"created_date":"3/17/2018","description":"Health","paid":598,"total":575},
{"id":799,"created_date":"7/3/2018","description":"Tools","paid":734,"total":178},
{"id":800,"created_date":"5/15/2018","description":"Beauty","paid":292,"total":510},
{"id":801,"created_date":"11/29/2017","description":"Baby","paid":755,"total":453},
{"id":802,"created_date":"1/22/2018","description":"Home","paid":272,"total":18},
{"id":803,"created_date":"7/31/2018","description":"Garden","paid":523,"total":293},
{"id":804,"created_date":"9/26/2018","description":"Books","paid":578,"total":468},
{"id":805,"created_date":"6/27/2018","description":"Tools","paid":859,"total":911},
{"id":806,"created_date":"5/23/2018","description":"Beauty","paid":142,"total":686},
{"id":807,"created_date":"10/11/2017","description":"Games","paid":66,"total":165},
{"id":808,"created_date":"12/2/2017","description":"Shoes","paid":174,"total":247},
{"id":809,"created_date":"5/22/2018","description":"Music","paid":60,"total":27},
{"id":810,"created_date":"7/3/2018","description":"Computers","paid":118,"total":659},
{"id":811,"created_date":"8/15/2018","description":"Sports","paid":723,"total":208},
{"id":812,"created_date":"7/17/2018","description":"Kids","paid":573,"total":332},
{"id":813,"created_date":"12/18/2017","description":"Toys","paid":1000,"total":250},
{"id":814,"created_date":"3/5/2018","description":"Clothing","paid":666,"total":665},
{"id":815,"created_date":"3/18/2018","description":"Garden","paid":256,"total":37},
{"id":816,"created_date":"6/21/2018","description":"Shoes","paid":353,"total":851},
{"id":817,"created_date":"2/11/2018","description":"Music","paid":626,"total":509},
{"id":818,"created_date":"1/20/2018","description":"Industrial","paid":637,"total":766},
{"id":819,"created_date":"2/12/2018","description":"Industrial","paid":986,"total":710},
{"id":820,"created_date":"5/20/2018","description":"Kids","paid":311,"total":800},
{"id":821,"created_date":"5/17/2018","description":"Garden","paid":577,"total":545},
{"id":822,"created_date":"3/10/2018","description":"Games","paid":960,"total":947},
{"id":823,"created_date":"5/9/2018","description":"Health","paid":390,"total":965},
{"id":824,"created_date":"5/28/2018","description":"Clothing","paid":781,"total":610},
{"id":825,"created_date":"3/18/2018","description":"Tools","paid":335,"total":750},
{"id":826,"created_date":"3/8/2018","description":"Automotive","paid":154,"total":528},
{"id":827,"created_date":"9/26/2018","description":"Kids","paid":202,"total":731},
{"id":828,"created_date":"4/20/2018","description":"Computers","paid":883,"total":844},
{"id":829,"created_date":"3/12/2018","description":"Movies","paid":812,"total":631},
{"id":830,"created_date":"3/4/2018","description":"Baby","paid":360,"total":492},
{"id":831,"created_date":"10/23/2017","description":"Tools","paid":686,"total":474},
{"id":832,"created_date":"11/9/2017","description":"Electronics","paid":456,"total":844},
{"id":833,"created_date":"6/25/2018","description":"Music","paid":908,"total":824},
{"id":834,"created_date":"4/11/2018","description":"Toys","paid":772,"total":442},
{"id":835,"created_date":"3/9/2018","description":"Health","paid":204,"total":106},
{"id":836,"created_date":"8/5/2018","description":"Books","paid":666,"total":359},
{"id":837,"created_date":"9/27/2018","description":"Electronics","paid":492,"total":859},
{"id":838,"created_date":"1/15/2018","description":"Beauty","paid":984,"total":32},
{"id":839,"created_date":"4/3/2018","description":"Health","paid":625,"total":566},
{"id":840,"created_date":"12/7/2017","description":"Movies","paid":435,"total":360},
{"id":841,"created_date":"7/4/2018","description":"Clothing","paid":517,"total":609},
{"id":842,"created_date":"7/25/2018","description":"Outdoors","paid":71,"total":160},
{"id":843,"created_date":"7/20/2018","description":"Industrial","paid":227,"total":328},
{"id":844,"created_date":"4/19/2018","description":"Baby","paid":298,"total":280},
{"id":845,"created_date":"11/21/2017","description":"Garden","paid":999,"total":907},
{"id":846,"created_date":"4/17/2018","description":"Jewelery","paid":98,"total":927},
{"id":847,"created_date":"10/2/2018","description":"Books","paid":607,"total":295},
{"id":848,"created_date":"8/9/2018","description":"Sports","paid":576,"total":413},
{"id":849,"created_date":"3/8/2018","description":"Outdoors","paid":912,"total":257},
{"id":850,"created_date":"9/10/2018","description":"Jewelery","paid":427,"total":956},
{"id":851,"created_date":"12/3/2017","description":"Health","paid":905,"total":955},
{"id":852,"created_date":"3/31/2018","description":"Shoes","paid":27,"total":726},
{"id":853,"created_date":"4/2/2018","description":"Shoes","paid":848,"total":967},
{"id":854,"created_date":"6/15/2018","description":"Baby","paid":689,"total":311},
{"id":855,"created_date":"8/5/2018","description":"Beauty","paid":152,"total":654},
{"id":856,"created_date":"2/27/2018","description":"Electronics","paid":575,"total":557},
{"id":857,"created_date":"10/15/2017","description":"Electronics","paid":534,"total":4},
{"id":858,"created_date":"4/3/2018","description":"Garden","paid":407,"total":121},
{"id":859,"created_date":"11/13/2017","description":"Baby","paid":172,"total":404},
{"id":860,"created_date":"6/3/2018","description":"Beauty","paid":32,"total":719},
{"id":861,"created_date":"9/30/2018","description":"Tools","paid":112,"total":872},
{"id":862,"created_date":"2/2/2018","description":"Movies","paid":146,"total":799},
{"id":863,"created_date":"10/13/2017","description":"Shoes","paid":681,"total":84},
{"id":864,"created_date":"7/25/2018","description":"Toys","paid":829,"total":960},
{"id":865,"created_date":"12/23/2017","description":"Tools","paid":867,"total":562},
{"id":866,"created_date":"4/13/2018","description":"Movies","paid":181,"total":37},
{"id":867,"created_date":"4/7/2018","description":"Kids","paid":218,"total":108},
{"id":868,"created_date":"3/4/2018","description":"Toys","paid":366,"total":885},
{"id":869,"created_date":"4/9/2018","description":"Electronics","paid":454,"total":260},
{"id":870,"created_date":"5/20/2018","description":"Home","paid":184,"total":275},
{"id":871,"created_date":"7/13/2018","description":"Industrial","paid":499,"total":640},
{"id":872,"created_date":"10/26/2017","description":"Home","paid":441,"total":804},
{"id":873,"created_date":"11/18/2017","description":"Outdoors","paid":575,"total":414},
{"id":874,"created_date":"3/9/2018","description":"Games","paid":153,"total":10},
{"id":875,"created_date":"4/18/2018","description":"Health","paid":759,"total":497},
{"id":876,"created_date":"1/16/2018","description":"Toys","paid":991,"total":115},
{"id":877,"created_date":"11/20/2017","description":"Toys","paid":237,"total":450},
{"id":878,"created_date":"6/3/2018","description":"Computers","paid":265,"total":63},
{"id":879,"created_date":"9/1/2018","description":"Shoes","paid":269,"total":189},
{"id":880,"created_date":"7/27/2018","description":"Jewelery","paid":311,"total":797},
{"id":881,"created_date":"9/16/2018","description":"Outdoors","paid":690,"total":275},
{"id":882,"created_date":"8/10/2018","description":"Industrial","paid":149,"total":888},
{"id":883,"created_date":"7/12/2018","description":"Movies","paid":952,"total":286},
{"id":884,"created_date":"7/27/2018","description":"Shoes","paid":129,"total":693},
{"id":885,"created_date":"11/6/2017","description":"Sports","paid":622,"total":758},
{"id":886,"created_date":"3/17/2018","description":"Grocery","paid":383,"total":182},
{"id":887,"created_date":"12/6/2017","description":"Sports","paid":781,"total":384},
{"id":888,"created_date":"5/1/2018","description":"Movies","paid":637,"total":824},
{"id":889,"created_date":"4/6/2018","description":"Toys","paid":589,"total":453},
{"id":890,"created_date":"12/24/2017","description":"Music","paid":555,"total":476},
{"id":891,"created_date":"2/1/2018","description":"Clothing","paid":845,"total":917},
{"id":892,"created_date":"4/16/2018","description":"Beauty","paid":846,"total":545},
{"id":893,"created_date":"3/25/2018","description":"Jewelery","paid":178,"total":663},
{"id":894,"created_date":"5/15/2018","description":"Garden","paid":200,"total":922},
{"id":895,"created_date":"11/28/2017","description":"Books","paid":267,"total":242},
{"id":896,"created_date":"8/15/2018","description":"Tools","paid":15,"total":584},
{"id":897,"created_date":"1/30/2018","description":"Outdoors","paid":337,"total":840},
{"id":898,"created_date":"3/1/2018","description":"Music","paid":360,"total":710},
{"id":899,"created_date":"5/24/2018","description":"Grocery","paid":563,"total":191},
{"id":900,"created_date":"8/26/2018","description":"Tools","paid":127,"total":783},
{"id":901,"created_date":"3/31/2018","description":"Automotive","paid":436,"total":576},
{"id":902,"created_date":"12/25/2017","description":"Games","paid":487,"total":664},
{"id":903,"created_date":"2/9/2018","description":"Garden","paid":401,"total":316},
{"id":904,"created_date":"1/19/2018","description":"Computers","paid":969,"total":475},
{"id":905,"created_date":"10/19/2017","description":"Toys","paid":476,"total":847},
{"id":906,"created_date":"1/1/2018","description":"Shoes","paid":840,"total":287},
{"id":907,"created_date":"12/6/2017","description":"Movies","paid":761,"total":939},
{"id":908,"created_date":"8/1/2018","description":"Industrial","paid":338,"total":15},
{"id":909,"created_date":"10/10/2017","description":"Games","paid":908,"total":742},
{"id":910,"created_date":"1/16/2018","description":"Baby","paid":291,"total":783},
{"id":911,"created_date":"1/15/2018","description":"Industrial","paid":911,"total":54},
{"id":912,"created_date":"11/27/2017","description":"Clothing","paid":344,"total":909},
{"id":913,"created_date":"4/16/2018","description":"Games","paid":272,"total":53},
{"id":914,"created_date":"3/27/2018","description":"Toys","paid":707,"total":550},
{"id":915,"created_date":"7/7/2018","description":"Garden","paid":167,"total":773},
{"id":916,"created_date":"9/16/2018","description":"Automotive","paid":162,"total":55},
{"id":917,"created_date":"10/14/2017","description":"Shoes","paid":411,"total":241},
{"id":918,"created_date":"10/20/2017","description":"Books","paid":415,"total":646},
{"id":919,"created_date":"6/9/2018","description":"Jewelery","paid":688,"total":23},
{"id":920,"created_date":"1/3/2018","description":"Movies","paid":78,"total":591},
{"id":921,"created_date":"8/19/2018","description":"Sports","paid":725,"total":909},
{"id":922,"created_date":"8/27/2018","description":"Automotive","paid":334,"total":644},
{"id":923,"created_date":"8/8/2018","description":"Kids","paid":876,"total":879},
{"id":924,"created_date":"5/16/2018","description":"Movies","paid":957,"total":790},
{"id":925,"created_date":"7/13/2018","description":"Books","paid":77,"total":285},
{"id":926,"created_date":"11/8/2017","description":"Jewelery","paid":366,"total":253},
{"id":927,"created_date":"3/31/2018","description":"Kids","paid":853,"total":954},
{"id":928,"created_date":"1/31/2018","description":"Kids","paid":965,"total":998},
{"id":929,"created_date":"6/18/2018","description":"Outdoors","paid":386,"total":141},
{"id":930,"created_date":"6/15/2018","description":"Outdoors","paid":896,"total":400},
{"id":931,"created_date":"10/1/2018","description":"Tools","paid":80,"total":981},
{"id":932,"created_date":"6/25/2018","description":"Grocery","paid":665,"total":467},
{"id":933,"created_date":"12/25/2017","description":"Tools","paid":707,"total":878},
{"id":934,"created_date":"10/21/2017","description":"Industrial","paid":846,"total":53},
{"id":935,"created_date":"6/20/2018","description":"Industrial","paid":813,"total":159},
{"id":936,"created_date":"10/25/2017","description":"Health","paid":282,"total":465},
{"id":937,"created_date":"6/15/2018","description":"Automotive","paid":112,"total":699},
{"id":938,"created_date":"10/14/2017","description":"Kids","paid":319,"total":647},
{"id":939,"created_date":"1/30/2018","description":"Books","paid":162,"total":290},
{"id":940,"created_date":"3/20/2018","description":"Music","paid":183,"total":467},
{"id":941,"created_date":"7/30/2018","description":"Home","paid":909,"total":633},
{"id":942,"created_date":"4/1/2018","description":"Jewelery","paid":431,"total":659},
{"id":943,"created_date":"3/12/2018","description":"Sports","paid":147,"total":708},
{"id":944,"created_date":"7/2/2018","description":"Toys","paid":387,"total":803},
{"id":945,"created_date":"3/10/2018","description":"Movies","paid":263,"total":687},
{"id":946,"created_date":"7/26/2018","description":"Toys","paid":295,"total":636},
{"id":947,"created_date":"7/4/2018","description":"Clothing","paid":63,"total":664},
{"id":948,"created_date":"12/4/2017","description":"Health","paid":236,"total":531},
{"id":949,"created_date":"1/5/2018","description":"Music","paid":229,"total":362},
{"id":950,"created_date":"2/14/2018","description":"Computers","paid":440,"total":474},
{"id":951,"created_date":"10/28/2017","description":"Grocery","paid":785,"total":966},
{"id":952,"created_date":"1/29/2018","description":"Tools","paid":374,"total":515},
{"id":953,"created_date":"9/19/2018","description":"Industrial","paid":94,"total":238},
{"id":954,"created_date":"5/9/2018","description":"Sports","paid":694,"total":872},
{"id":955,"created_date":"5/26/2018","description":"Health","paid":31,"total":761},
{"id":956,"created_date":"2/16/2018","description":"Clothing","paid":231,"total":802},
{"id":957,"created_date":"9/5/2018","description":"Grocery","paid":34,"total":160},
{"id":958,"created_date":"10/14/2017","description":"Tools","paid":608,"total":478},
{"id":959,"created_date":"12/15/2017","description":"Shoes","paid":408,"total":380},
{"id":960,"created_date":"7/28/2018","description":"Health","paid":150,"total":178},
{"id":961,"created_date":"6/4/2018","description":"Industrial","paid":223,"total":588},
{"id":962,"created_date":"4/14/2018","description":"Computers","paid":250,"total":287},
{"id":963,"created_date":"1/28/2018","description":"Home","paid":742,"total":530},
{"id":964,"created_date":"8/31/2018","description":"Health","paid":100,"total":601},
{"id":965,"created_date":"9/29/2018","description":"Automotive","paid":731,"total":572},
{"id":966,"created_date":"4/24/2018","description":"Outdoors","paid":131,"total":862},
{"id":967,"created_date":"7/3/2018","description":"Kids","paid":359,"total":770},
{"id":968,"created_date":"7/17/2018","description":"Shoes","paid":951,"total":268},
{"id":969,"created_date":"11/27/2017","description":"Automotive","paid":774,"total":220},
{"id":970,"created_date":"8/4/2018","description":"Health","paid":831,"total":988},
{"id":971,"created_date":"8/31/2018","description":"Automotive","paid":507,"total":340},
{"id":972,"created_date":"7/16/2018","description":"Grocery","paid":698,"total":977},
{"id":973,"created_date":"3/28/2018","description":"Shoes","paid":595,"total":230},
{"id":974,"created_date":"8/11/2018","description":"Industrial","paid":535,"total":322},
{"id":975,"created_date":"9/14/2018","description":"Beauty","paid":925,"total":57},
{"id":976,"created_date":"8/10/2018","description":"Industrial","paid":499,"total":869},
{"id":977,"created_date":"1/21/2018","description":"Toys","paid":464,"total":133},
{"id":978,"created_date":"12/22/2017","description":"Industrial","paid":722,"total":951},
{"id":979,"created_date":"6/27/2018","description":"Toys","paid":643,"total":690},
{"id":980,"created_date":"12/17/2017","description":"Kids","paid":11,"total":847},
{"id":981,"created_date":"9/2/2018","description":"Shoes","paid":316,"total":359},
{"id":982,"created_date":"10/11/2017","description":"Books","paid":557,"total":680},
{"id":983,"created_date":"12/18/2017","description":"Clothing","paid":543,"total":828},
{"id":984,"created_date":"3/14/2018","description":"Electronics","paid":171,"total":680},
{"id":985,"created_date":"3/20/2018","description":"Music","paid":895,"total":618},
{"id":986,"created_date":"6/30/2018","description":"Toys","paid":270,"total":342},
{"id":987,"created_date":"9/30/2018","description":"Home","paid":645,"total":461},
{"id":988,"created_date":"1/17/2018","description":"Garden","paid":391,"total":730},
{"id":989,"created_date":"2/28/2018","description":"Beauty","paid":182,"total":924},
{"id":990,"created_date":"7/21/2018","description":"Jewelery","paid":952,"total":364},
{"id":991,"created_date":"7/2/2018","description":"Sports","paid":581,"total":663},
{"id":992,"created_date":"5/23/2018","description":"Grocery","paid":843,"total":225},
{"id":993,"created_date":"8/25/2018","description":"Baby","paid":23,"total":12},
{"id":994,"created_date":"12/14/2017","description":"Sports","paid":429,"total":159},
{"id":995,"created_date":"8/6/2018","description":"Clothing","paid":370,"total":331},
{"id":996,"created_date":"6/18/2018","description":"Baby","paid":704,"total":146},
{"id":997,"created_date":"10/4/2018","description":"Industrial","paid":370,"total":636},
{"id":998,"created_date":"3/8/2018","description":"Industrial","paid":48,"total":16},
{"id":999,"created_date":"7/2/2018","description":"Sports","paid":420,"total":475},
{"id":1000,"created_date":"10/4/2018","description":"Shoes","paid":533,"total":809}]