{"Egg McMuffin [4.8 oz / 136 g]": "300", "Egg White Delight [4.8 oz / 135 g]": "250", "Sausage McMuffin [3.9 oz / 111 g]": "370", "Sausage McMuffin with Egg [5.7 oz / 161 g]": "450", "Sausage McMuffin with Egg Whites [5.7 oz / 161 g]": "400", "Steak & Egg McMuffin [6.5 oz / 185 g]": "430", "Bacon, Egg & Cheese Biscuit [5.3 oz / 150 g]": "460", "Bacon, Egg & Cheese Biscuit [5.8 oz / 164 g]": "520", "Bacon, Egg & Cheese Biscuit with Egg Whites [5.4 oz / 153 g]": "410", "Bacon, Egg & Cheese Biscuit with Egg Whites [5.9 oz / 167 g]": "470", "Sausage Biscuit [4.1 oz / 117 g]": "430", "Sausage Biscuit [4.6 oz / 131 g]": "480", "Sausage Biscuit with Egg [5.7 oz / 163 g]": "510", "Sausage Biscuit with Egg [6.2 oz / 177 g]": "570", "Sausage Biscuit with Egg Whites [5.9 oz / 167 g]": "460", "Sausage Biscuit with Egg Whites [6.4 oz / 181 g]": "520", "Southern Style Chicken Biscuit [5 oz / 143 g]": "410", "Southern Style Chicken Biscuit [5.5 oz / 157 g]": "470", "Steak & Egg Biscuit [7.1 oz / 201 g]": "540", "Bacon, Egg & Cheese McGriddles [6.1 oz / 174 g]": "460", "Bacon, Egg & Cheese McGriddles with Egg Whites [6.3 oz / 178 g]": "400", "Sausage McGriddles [5 oz / 141 g]": "420", "Sausage, Egg & Cheese McGriddles [7.1 oz / 201 g]": "550", "Sausage, Egg & Cheese McGriddles with Egg Whites [7.2 oz / 205 g]": "500", "Bacon, Egg & Cheese Bagel [6.9 oz / 197 g]": "620", "Bacon, Egg & Cheese Bagel with Egg Whites [7.1 oz / 201 g]": "570", "Steak, Egg & Cheese Bagel [8.5 oz / 241 g]": "670", "Big Breakfast [9.5 oz / 269 g]": "740", "Big Breakfast [10 oz / 283 g]": "800", "Big Breakfast with Egg Whites [9.6 oz / 272 g]": "640", "Big Breakfast with Egg Whites [10.1 oz / 286 g]": "690", "Big Breakfast with Hotcakes [14.8 oz / 420 g]": "1090", "Big Breakfast with Hotcakes [15.3 oz / 434 g]": "1150", "Big Breakfast with Hotcakes and Egg Whites [14.9 oz / 423 g]": "990", "Big Breakfast with Hotcakes and Egg Whites [15.4 oz / 437 g]": "1050", "Hotcakes [5.3 oz / 151 g]": "350", "Hotcakes and Sausage [6.8 oz / 192 g]": "520", "Sausage Burrito [3.9 oz / 111 g]": "300", "Hash Brown [2 oz / 56 g]": "150", "Cinnamon Melts [4 oz / 114 g]": "460", "Fruit & Maple Oatmeal [9.6 oz / 251 g]": "290", "Fruit & Maple Oatmeal without Brown Sugar [9.6 oz / 251 g]": "260", "Big Mac [7.4 oz / 211 g]": "530", "Quarter Pounder with Cheese [7.1 oz / 202 g]": "520", "Quarter Pounder with Bacon & Cheese [8 oz / 227 g]": "600", "Quarter Pounder with Bacon Habanero Ranch [8.3 oz / 235 g]": "610", "Quarter Pounder Deluxe [8.6 oz / 244 g]": "540", "Double Quarter Pounder with Cheese [10 oz / 283 g]": "750", "Hamburger [3.5 oz / 98 g]": "240", "Cheeseburger [4 oz / 113 g]": "290", "Double Cheeseburger [5.7 oz / 161 g]": "430", "Bacon Clubhouse Burger [9.5 oz / 270 g]": "720", "McDouble [5.2 oz / 147 g]": "380", "Bacon McDouble [5.7 oz / 161 g]": "440", "Daily Double [6.7 oz / 190 g]": "430", "Jalape\u00f1o Double [5.6 oz / 159 g]": "430", "McRib [7.3 oz / 208 g]": "500", "Premium Crispy Chicken Classic Sandwich [7.5 oz / 213 g]": "510", "Premium Grilled Chicken Classic Sandwich [7 oz / 200 g]": "350", "Premium Crispy Chicken Club Sandwich [8.8 oz / 249 g]": "670", "Premium Grilled Chicken Club Sandwich [8.3 oz / 235 g]": "510", "Premium Crispy Chicken Ranch BLT Sandwich [8.1 oz / 230 g]": "610", "Premium Grilled Chicken Ranch BLT Sandwich [7.6 oz / 217 g]": "450", "Bacon Clubhouse Crispy Chicken Sandwich [10 oz / 284 g]": "750", "Bacon Clubhouse Grilled Chicken Sandwich [9.5 oz / 270 g]": "590", "Southern Style Crispy Chicken Sandwich [5.6 oz / 160 g]": "430", "McChicken [5.1 oz / 143 g]": "360", "Bacon Cheddar McChicken [6 oz / 171 g]": "480", "Bacon Buffalo Ranch McChicken [5.7 oz / 161 g]": "430", "Buffalo Ranch McChicken [5.2 oz / 148 g]": "360", "Premium McWrap Chicken & Bacon [11.1 oz / 316 g]": "630", "Premium McWrap Chicken & Bacon [10.7 oz / 302 g]": "480", "Premium McWrap Chicken & Ranch [10.9 oz / 310 g]": "610", "Premium McWrap Chicken & Ranch [10.5 oz / 297 g]": "450", "Premium McWrap Southwest Chicken [11.1 oz / 314 g]": "670", "Premium McWrap Southwest Chicken [11.2 oz / 318 g]": "520", "Premium McWrap Chicken Sweet Chili [10.7 oz / 304 g]": "540", "Premium McWrap Chicken Sweet Chili [10.3 oz / 291 g]": "380", "Chicken McNuggets [2.3 oz / 65 g]": "190", "Chicken McNuggets [3.4 oz / 97 g]": "280", "Chicken McNuggets [5.7 oz / 162 g]": "470", "Chicken McNuggets [11.4 oz / 323 g]": "940", "Chicken McNuggets [22.8 oz / 646 g]": "1880", "Filet-O-Fish [5 oz / 142 g]": "390", "Premium Bacon Ranch Salad [7.9 oz / 223 g]": "140", "Premium Bacon Ranch Salad with Crispy Chicken [9 oz / 255 g]": "380", "Premium Bacon Ranch Salad with Grilled Chicken [8.5 oz / 241 g]": "220", "Premium Southwest Salad [8.1 oz / 230 g]": "140", "Premium Southwest Salad with Crispy Chicken [12.3 oz / 348 g]": "450", "Premium Southwest Salad with Grilled Chicken [11.8 oz / 335 g]": "290", "Chipotle BBQ Snack Wrap [4.6 oz / 130 g]": "340", "Chipotle BBQ Snack Wrap [4.3 oz / 123 g]": "260", "Honey Mustard Snack Wrap [4.3 oz / 123 g]": "330", "Honey Mustard Snack Wrap [4.1 oz / 116 g]": "250", "Ranch Snack Wrap [4.5 oz / 128 g]": "360", "Ranch Snack Wrap [4.3 oz / 121 g]": "280", "Small French Fries [2.6 oz / 75 g]": "230", "Medium French Fries [3.9 oz / 111 g]": "340", "Large French Fries [5.9 oz / 168 g]": "510", "Kids French Fries [1.3 oz / 38 g]": "110", "Side Salad [3.1 oz / 87 g]": "20", "Apple Slices [1.2 oz / 34 g]": "15", "Fruit 'n Yogurt Parfait [5.2 oz / 149 g]": "150", "Baked Apple Pie [2.7 oz / 77 g]": "250", "Chocolate Chip Cookie [1 cookie / 33 g]": "160", "Oatmeal Raisin Cookie [1 cookie / 33 g]": "150", "Kids Ice Cream Cone [1 oz / 29 g]": "45", "Hot Fudge Sundae [6.3 oz / 179 g]": "330", "Hot Caramel Sundae [6.4 oz / 182 g]": "340", "Strawberry Sundae [6.3 oz / 178 g]": "280", "Coca-Cola Classic [16 fl oz cup]": "140", "Coca-Cola Classic [21 fl oz cup]": "200", "Coca-Cola Classic [30 fl oz cup]": "280", "Coca-Cola Classic [12 fl oz cup]": "100", "Diet Coke [16 fl oz cup]": "0", "Diet Coke [21 fl oz cup]": "0", "Diet Coke [30 fl oz cup]": "0", "Diet Coke [12 fl oz cup]": "0", "Dr Pepper [16 fl oz cup]": "140", "Dr Pepper [21 fl oz cup]": "190", "Dr Pepper [30 fl oz cup]": "270", "Dr Pepper [12 fl oz cup]": "100", "Diet Dr Pepper [16 fl oz cup]": "0", "Diet Dr Pepper [21 fl oz cup]": "0", "Diet Dr Pepper [30 fl oz cup]": "0", "Diet Dr Pepper [12 fl oz cup]": "0", "Sprite [16 fl oz cup]": "140", "Sprite [21 fl oz cup]": "200", "Sprite [30 fl oz cup]": "280", "Sprite [12 fl oz cup]": "100", "1% Low Fat Milk Jug [1 carton / 236 ml]": "100", "Fat Free Chocolate Milk Jug [1 carton / 236 ml]": "130", "Minute Maid 100% Apple Juice Box [6 fl oz / 177 ml]": "80", "Minute Maid Orange Juice [12 fl oz cup]": "150", "Minute Maid Orange Juice [16 fl oz cup]": "190", "Minute Maid Orange Juice [22 fl oz cup]": "280", "Dasani Water Bottle [16.9 fl oz]": "0", "Iced Tea [16 fl oz cup]": "0", "Iced Tea [21 fl oz cup]": "0", "Iced Tea [30 fl oz cup]": "0", "Iced Tea [12 fl oz cup]": "0", "Sweet Tea [16 fl oz cup]": "150", "Sweet Tea [21 fl oz cup]": "180", "Sweet Tea [30 fl oz cup]": "220", "Sweet Tea [12 fl oz cup]": "110", "Coffee [12 fl oz cup]": "0", "Coffee [16 fl oz cup]": "0", "Latte [12 fl oz cup]": "170", "Latte [16 fl oz cup]": "210", "Latte [20 fl oz cup]": "280", "Caramel Latte [12 fl oz cup]": "270", "Caramel Latte [16 fl oz cup]": "340", "Caramel Latte [20 fl oz cup]": "430", "Hazelnut Latte [12 fl oz cup]": "270", "Hazelnut Latte [16 fl oz cup]": "330", "Hazelnut Latte [20 fl oz cup]": "430", "French Vanilla Latte [12 fl oz cup]": "260", "French Vanilla Latte [16 fl oz cup]": "330", "French Vanilla Latte [20 fl oz cup]": "420", "Latte with Sugar Free French Vanilla Syrup [12 fl oz cup]": "210", "Latte with Sugar Free French Vanilla Syrup [16 fl oz cup]": "260", "Latte with Sugar Free French Vanilla Syrup [20 fl oz cup]": "330", "Nonfat Latte [12 fl oz cup]": "100", "Nonfat Latte [16 fl oz cup]": "130", "Nonfat Latte [20 fl oz cup]": "170", "Nonfat Caramel Latte [12 fl oz cup]": "200", "Nonfat Caramel Latte [16 fl oz cup]": "250", "Nonfat Caramel Latte [20 fl oz cup]": "310", "Nonfat Hazelnut Latte [12 fl oz cup]": "200", "Nonfat Hazelnut Latte [16 fl oz cup]": "250", "Nonfat Hazelnut Latte [20 fl oz cup]": "310", "Nonfat French Vanilla Latte [12 fl oz cup]": "190", "Nonfat French Vanilla Latte [16 fl oz cup]": "240", "Nonfat French Vanilla Latte [20 fl oz cup]": "300", "Nonfat Latte with Sugar Free French Vanilla Syrup [12 fl oz cup]": "140", "Nonfat Latte with Sugar Free French Vanilla Syrup [16 fl oz cup]": "170", "Nonfat Latte with Sugar Free French Vanilla Syrup [20 fl oz cup]": "220", "Mocha [12 fl oz cup]": "340", "Mocha [16 fl oz cup]": "410", "Mocha [20 fl oz cup]": "500", "Mocha with Nonfat Milk [12 fl oz cup]": "270", "Mocha with Nonfat Milk [16 fl oz cup]": "330", "Mocha with Nonfat Milk [20 fl oz cup]": "390", "Caramel Mocha [12 fl oz cup]": "320", "Caramel Mocha [16 fl oz cup]": "390", "Caramel Mocha [20 fl oz cup]": "480", "Nonfat Caramel Mocha [12 fl oz cup]": "250", "Nonfat Caramel Mocha [16 fl oz cup]": "310", "Nonfat Caramel Mocha [20 fl oz cup]": "370", "Hot Chocolate [12 fl oz cup]": "360", "Hot Chocolate [16 fl oz cup]": "440", "Hot Chocolate [20 fl oz cup]": "540", "Hot Chocolate with Nonfat Milk [12 fl oz cup]": "280", "Hot Chocolate with Nonfat Milk [16 fl oz cup]": "340", "Hot Chocolate with Nonfat Milk [20 fl oz cup]": "400", "Regular Iced Coffee [16 fl oz cup]": "140", "Regular Iced Coffee [22 fl oz cup]": "190", "Regular Iced Coffee [32 fl oz cup]": "270", "Caramel Iced Coffee [16 fl oz cup]": "130", "Caramel Iced Coffee [22 fl oz cup]": "180", "Caramel Iced Coffee [32 fl oz cup]": "260", "Hazelnut Iced Coffee [16 fl oz cup]": "130", "Hazelnut Iced Coffee [22 fl oz cup]": "180", "Hazelnut Iced Coffee [32 fl oz cup]": "250", "French Vanilla Iced Coffee [16 fl oz cup]": "120", "French Vanilla Iced Coffee [22 fl oz cup]": "170", "French Vanilla Iced Coffee [32 fl oz cup]": "240", "Iced Coffee with Sugar Free French Vanilla Syrup [16 fl oz cup]": "80", "Iced Coffee with Sugar Free French Vanilla Syrup [22 fl oz cup]": "120", "Iced Coffee with Sugar Free French Vanilla Syrup [32 fl oz cup]": "160", "Iced Mocha [12 fl oz cup]": "290", "Iced Mocha [16 fl oz cup]": "350", "Iced Mocha [22 fl oz cup]": "480", "Iced Mocha with Nonfat Milk [12 fl oz cup]": "240", "Iced Mocha with Nonfat Milk [16 fl oz cup]": "290", "Iced Mocha with Nonfat Milk [22 fl oz cup]": "390", "Iced Caramel Mocha [12 fl oz cup]": "280", "Iced Caramel Mocha [16 fl oz cup]": "340", "Iced Caramel Mocha [22 fl oz cup]": "460", "Iced Nonfat Caramel Mocha [12 fl oz cup]": "230", "Iced Nonfat Caramel Mocha [16 fl oz cup]": "270", "Iced Nonfat Caramel Mocha [22 fl oz cup]": "370", "Frapp\u00e9 Mocha [12 fl oz cup]": "450", "Frapp\u00e9 Mocha [16 fl oz cup]": "550", "Frapp\u00e9 Mocha [22 fl oz cup]": "670", "Frapp\u00e9 Caramel [12 fl oz cup]": "450", "Frapp\u00e9 Caramel [16 fl oz cup]": "550", "Frapp\u00e9 Caramel [22 fl oz cup]": "670", "Frapp\u00e9 Chocolate Chip [12 fl oz cup]": "530", "Frapp\u00e9 Chocolate Chip [16 fl oz cup]": "630", "Frapp\u00e9 Chocolate Chip [22 fl oz cup]": "760", "Blueberry Pomegranate Smoothie [12 fl oz cup]": "220", "Blueberry Pomegranate Smoothie [16 fl oz cup]": "260", "Blueberry Pomegranate Smoothie [22 fl oz cup]": "340", "Strawberry Banana Smoothie [12 fl oz cup]": "210", "Strawberry Banana Smoothie [16 fl oz cup]": "250", "Strawberry Banana Smoothie [22 fl oz cup]": "330", "Mango Pineapple Smoothie [12 fl oz cup]": "210", "Mango Pineapple Smoothie [16 fl oz cup]": "260", "Mango Pineapple Smoothie [22 fl oz cup]": "340", "Vanilla Shake [12 fl oz cup]": "530", "Vanilla Shake [16 fl oz cup]": "660", "Vanilla Shake [22 fl oz cup]": "820", "Strawberry Shake [12 fl oz cup]": "550", "Strawberry Shake [16 fl oz cup]": "690", "Strawberry Shake [22 fl oz cup]": "850", "Chocolate Shake [12 fl oz cup]": "560", "Chocolate Shake [16 fl oz cup]": "700", "Chocolate Shake [22 fl oz cup]": "850", "Shamrock Shake [16 fl oz cup]": "660", "Shamrock Shake [22 fl oz cup]": "820", "McFlurry with M&M\u2019s Candies [10.9 oz / 310 g]": "650", "McFlurry with M&M\u2019s Candies [16.2 oz / 460 g]": "930", "McFlurry with M&M\u2019s Candies [7.3 oz / 207 g]": "430", "McFlurry with Oreo Cookies [10.1 oz / 285 g]": "510", "McFlurry with Oreo Cookies [13.4 oz / 381 g]": "690", "McFlurry with Oreo Cookies [6.7 oz / 190 g]": "340", "McFlurry with Reese's Peanut Butter Cups [14.2 oz / 403 g]": "810", "McFlurry with Reese's Peanut Butter Cups [7.1 oz / 202 g]": "410"}